num_article;doi;term
5;10.1128/msystems.00185-24;gut microbiota dysbiosis
5;10.1128/msystems.00185-24;acute ischemic stroke
5;10.1128/msystems.00185-24;AIS
5;10.1128/msystems.00185-24;COVID-19 infection
5;10.1128/msystems.00185-24;16S rRNA gene sequencing
5;10.1128/msystems.00185-24;gut microbial community
5;10.1128/msystems.00185-24;gut dysbiosis
5;10.1128/msystems.00185-24;Enterobacteriaceae
5;10.1128/msystems.00185-24;Ruminococcaceae
5;10.1128/msystems.00185-24;Lachnospiraceae
5;10.1128/msystems.00185-24;bacterial diversity
5;10.1128/msystems.00185-24;gut-lung axis
5;10.1128/msystems.00185-24;gut-brain axis
6;10.1016/j.jtcme.2024.03.011;gut-brain axis
6;10.1016/j.jtcme.2024.03.011;anxiety
6;10.1016/j.jtcme.2024.03.011;depression
6;10.1016/j.jtcme.2024.03.011;probiotics
6;10.1016/j.jtcme.2024.03.011;depressive behaviour
6;10.1016/j.jtcme.2024.03.011;postbiotics
6;10.1016/j.jtcme.2024.03.011;antidepressant
6;10.1016/j.jtcme.2024.03.011;anti-anxiety drugs
6;10.1016/j.jtcme.2024.03.011;anxiety disorders
6;10.1016/j.jtcme.2024.03.011;mental illnesses
6;10.1016/j.jtcme.2024.03.011;cognitive dysfunction
6;10.1016/j.jtcme.2024.03.011;probiotic supplementation
6;10.1016/j.jtcme.2024.03.011;mental health
6;10.1016/j.jtcme.2024.03.011;gut microbiota
6;10.1016/j.jtcme.2024.03.011;mood regulation
6;10.1016/j.jtcme.2024.03.011;mental well-being
8;10.1016/j.pbb.2024.173736;gut-brain axis
8;10.1016/j.pbb.2024.173736;gut microbiota
8;10.1016/j.pbb.2024.173736;microbiome-derived metabolites
8;10.1016/j.pbb.2024.173736;depression
8;10.1016/j.pbb.2024.173736;arketamine
8;10.1016/j.pbb.2024.173736;chronic restrain stress
8;10.1016/j.pbb.2024.173736;CRS
8;10.1016/j.pbb.2024.173736;CRS-induced body weight loss
8;10.1016/j.pbb.2024.173736;forced swimming test
8;10.1016/j.pbb.2024.173736;sucrose preference test
8;10.1016/j.pbb.2024.173736;synaptic proteins
8;10.1016/j.pbb.2024.173736;GluA1
8;10.1016/j.pbb.2024.173736;PSD-95
8;10.1016/j.pbb.2024.173736;prefrontal cortex
8;10.1016/j.pbb.2024.173736;PFC
8;10.1016/j.pbb.2024.173736;Gut microbiota analysis
8;10.1016/j.pbb.2024.173736;untargeted metabolomics analysis
8;10.1016/j.pbb.2024.173736;L-leucine
8;10.1016/j.pbb.2024.173736;N-acetyl-l-glutamine
8;10.1016/j.pbb.2024.173736;2-(2,4-dichlorophenyl)-3-[4-(dimethylamino)phenyl]acrylonitrile
8;10.1016/j.pbb.2024.173736;L-threonine amide
8;10.1016/j.pbb.2024.173736;blood metabolites
8;10.1016/j.pbb.2024.173736;prophylactic effects
11;10.1080/10408363.2024.2331477;intestinal microbiome
11;10.1080/10408363.2024.2331477;iron deficiency
11;10.1080/10408363.2024.2331477;intestinal iron absorption
11;10.1080/10408363.2024.2331477;oral iron supplementation
11;10.1080/10408363.2024.2331477;hepatic hepcidin
11;10.1080/10408363.2024.2331477;gut microbiota composition
11;10.1080/10408363.2024.2331477;pathogenic bacteria
11;10.1080/10408363.2024.2331477;metabolic functions
11;10.1080/10408363.2024.2331477;immune functions
11;10.1080/10408363.2024.2331477;bifidobacteria
11;10.1080/10408363.2024.2331477;lactobacilli
11;10.1080/10408363.2024.2331477;Dysbiosis
11;10.1080/10408363.2024.2331477;inflammatory bowel disease
11;10.1080/10408363.2024.2331477;metabolic disturbances
11;10.1080/10408363.2024.2331477;mental health issues
11;10.1080/10408363.2024.2331477;gut microbiome
17;10.1021/acs.jafc.3c07599;Tryptophan Metabolism
17;10.1021/acs.jafc.3c07599;Brain-Gut Axis
17;10.1021/acs.jafc.3c07599;Tryptophan Hydroxylase
17;10.1021/acs.jafc.3c07599;Intestinal Microenvironment
17;10.1021/acs.jafc.3c07599;Depressive-Like Behavior
17;10.1021/acs.jafc.3c07599;Depression
17;10.1021/acs.jafc.3c07599;neuropsychiatric disease
17;10.1021/acs.jafc.3c07599;ginsenoside Rk3
17;10.1021/acs.jafc.3c07599;antidepressant effect
17;10.1021/acs.jafc.3c07599;hypothalamus-pituitary-adrenal axis
17;10.1021/acs.jafc.3c07599;neuronal damage
17;10.1021/acs.jafc.3c07599;hippocampus
17;10.1021/acs.jafc.3c07599;prefrontal cortex
17;10.1021/acs.jafc.3c07599;tryptophan hydroxylase
17;10.1021/acs.jafc.3c07599;neuronal apoptosis
17;10.1021/acs.jafc.3c07599;synaptic structural damage
17;10.1021/acs.jafc.3c07599;gut microbiota
17;10.1021/acs.jafc.3c07599;intestinal tryptophan metabolism
17;10.1021/acs.jafc.3c07599;intestinal barrier damage
17;10.1021/acs.jafc.3c07599;tryptophan metabolic cycle
18;10.1038/s41538-024-00253-2;Gamma-aminobutyric acid
18;10.1038/s41538-024-00253-2;GABA
18;10.1038/s41538-024-00253-2;postbiotic mediator
18;10.1038/s41538-024-00253-2;gut-brain axis
18;10.1038/s41538-024-00253-2;central nervous system
18;10.1038/s41538-024-00253-2;inhibitory neurotransmitter
18;10.1038/s41538-024-00253-2;neurological diseases
18;10.1038/s41538-024-00253-2;Alzheimer's
18;10.1038/s41538-024-00253-2;Parkinson's disease
18;10.1038/s41538-024-00253-2;psychological disorders
18;10.1038/s41538-024-00253-2;anxiety
18;10.1038/s41538-024-00253-2;depression
18;10.1038/s41538-024-00253-2;stress
18;10.1038/s41538-024-00253-2;blood-brain barrier
18;10.1038/s41538-024-00253-2;circulating GABA
18;10.1038/s41538-024-00253-2;gut microbiota composition
18;10.1038/s41538-024-00253-2;GABA-producing microorganisms
18;10.1038/s41538-024-00253-2;gut-GABA production
18;10.1038/s41538-024-00253-2;autism spectrum disorder
18;10.1038/s41538-024-00253-2;attention deficit hyperactivity disorder
18;10.1038/s41538-024-00253-2;homocarnosine
18;10.1038/s41538-024-00253-2;brain peptide
18;10.1038/s41538-024-00253-2;GABA-homocarnosine metabolism
18;10.1038/s41538-024-00253-2;brain functions
20;10.1016/j.ijbiomac.2024.130903;microbiota-gut-brain axis
20;10.1016/j.ijbiomac.2024.130903;plant polysaccharides
20;10.1016/j.ijbiomac.2024.130903;mental disorders
20;10.1016/j.ijbiomac.2024.130903;gut microbiota-specific interventions
20;10.1016/j.ijbiomac.2024.130903;gut microbiota-dependent fermentation
20;10.1016/j.ijbiomac.2024.130903;central monoamine neurotransmitters
20;10.1016/j.ijbiomac.2024.130903;amino acid transmitters
20;10.1016/j.ijbiomac.2024.130903;cholinergic signalling system
20;10.1016/j.ijbiomac.2024.130903;central and peripheral inflammation
20;10.1016/j.ijbiomac.2024.130903;NLRP3/NF-κB-related signalling pathway
20;10.1016/j.ijbiomac.2024.130903;neuronal apoptosis
20;10.1016/j.ijbiomac.2024.130903;antioxidant activities
20;10.1016/j.ijbiomac.2024.130903;gut microbiota profiles
20;10.1016/j.ijbiomac.2024.130903;gut microbiota-dependent fermentation
21;10.1016/j.psychres.2024.115804;Integrated multi-omics analysis
21;10.1016/j.psychres.2024.115804;gut microbiota dysbiosis
21;10.1016/j.psychres.2024.115804;systemic disturbance
21;10.1016/j.psychres.2024.115804;major depressive disorder
21;10.1016/j.psychres.2024.115804;MDD
21;10.1016/j.psychres.2024.115804;peripheral blood
21;10.1016/j.psychres.2024.115804;16S rRNA sequencing
21;10.1016/j.psychres.2024.115804;structural alterations
21;10.1016/j.psychres.2024.115804;Enterococcus
21;10.1016/j.psychres.2024.115804;Metagenomics sequencing
21;10.1016/j.psychres.2024.115804;superpathway of the glyoxylate cycle
21;10.1016/j.psychres.2024.115804;fatty acid degradation
21;10.1016/j.psychres.2024.115804;metabolic pathways
21;10.1016/j.psychres.2024.115804;Plasma metabolomics
21;10.1016/j.psychres.2024.115804;amino acids
21;10.1016/j.psychres.2024.115804;bile acids
21;10.1016/j.psychres.2024.115804;sphingolipids
21;10.1016/j.psychres.2024.115804;cholesterol esters
21;10.1016/j.psychres.2024.115804;arginine and proline metabolism
21;10.1016/j.psychres.2024.115804;sphingolipid metabolic pathway
21;10.1016/j.psychres.2024.115804;Mass cytometry
21;10.1016/j.psychres.2024.115804;blood immune cell subtypes
21;10.1016/j.psychres.2024.115804;proinflammatory immune subsets
21;10.1016/j.psychres.2024.115804;anti-inflammatory immune subsets
21;10.1016/j.psychres.2024.115804;disease relapse
21;10.1016/j.psychres.2024.115804;MDD pathogenesis
21;10.1016/j.psychres.2024.115804;biomarkers
24;10.3389/fnins.2024.1290826;Bipolar disorder
24;10.3389/fnins.2024.1290826;gut microbiota
24;10.3389/fnins.2024.1290826;gut microbiome composition
24;10.3389/fnins.2024.1290826;BD
24;10.3389/fnins.2024.1290826;depression
24;10.3389/fnins.2024.1290826;inflammation
24;10.3389/fnins.2024.1290826;probiotic
24;10.3389/fnins.2024.1290826;gut-brain axis
24;10.3389/fnins.2024.1290826;anxiety
24;10.3389/fnins.2024.1290826;diversity
24;10.3389/fnins.2024.1290826;microbiome-brain connections
24;10.3389/fnins.2024.1290826;microbiota composition modification
25;10.1016/j.neulet.2024.137714;Social isolation
25;10.1016/j.neulet.2024.137714;intestinal barrier disorder
25;10.1016/j.neulet.2024.137714;gut microbiota
25;10.1016/j.neulet.2024.137714;gut-brain axis
25;10.1016/j.neulet.2024.137714;central nervous system
25;10.1016/j.neulet.2024.137714;anxiety-like behavior
25;10.1016/j.neulet.2024.137714;tight junction protein
25;10.1016/j.neulet.2024.137714;intestinal mechanical barrier
25;10.1016/j.neulet.2024.137714;mucin expression
25;10.1016/j.neulet.2024.137714;intestinal chemical barrier
25;10.1016/j.neulet.2024.137714;inflammatory cytokines
25;10.1016/j.neulet.2024.137714;IL-6 mRNA
25;10.1016/j.neulet.2024.137714;IL-10
25;10.1016/j.neulet.2024.137714;TNF-α
25;10.1016/j.neulet.2024.137714;Illumina MiSequencing
25;10.1016/j.neulet.2024.137714;Firmicutes
25;10.1016/j.neulet.2024.137714;Bacteroides
25;10.1016/j.neulet.2024.137714;Lactobacillus
30;10.1177/10870547231225491;Metagenomic Analysis
30;10.1177/10870547231225491;Gut Microbiota
30;10.1177/10870547231225491;ADHD
30;10.1177/10870547231225491;psychiatric disorders
30;10.1177/10870547231225491;shotgun metagenomics
30;10.1177/10870547231225491;bacterial taxa
30;10.1177/10870547231225491;alpha diversity indices
30;10.1177/10870547231225491;Simpson index
30;10.1177/10870547231225491;Shannon index
30;10.1177/10870547231225491;beta diversity indices
30;10.1177/10870547231225491;Euclidean distance
30;10.1177/10870547231225491;Bray-Curtis distance
30;10.1177/10870547231225491;JSD distance
30;10.1177/10870547231225491;biomarkers
31;10.1016/j.bbih.2024.100729;Gut microbiota
31;10.1016/j.bbih.2024.100729;stress resistance
31;10.1016/j.bbih.2024.100729;microglia-neuron interactions
31;10.1016/j.bbih.2024.100729;hippocampus
31;10.1016/j.bbih.2024.100729;Lactobacillus
31;10.1016/j.bbih.2024.100729;Akkermansia
31;10.1016/j.bbih.2024.100729;Bacteroides
31;10.1016/j.bbih.2024.100729;Alloprevotella
31;10.1016/j.bbih.2024.100729;Helicobacter
31;10.1016/j.bbih.2024.100729;Lachnoclostridium
31;10.1016/j.bbih.2024.100729;Blautia
31;10.1016/j.bbih.2024.100729;Roseburia
31;10.1016/j.bbih.2024.100729;Colidextibacter
31;10.1016/j.bbih.2024.100729;Lachnospiraceae NK4A136
31;10.1016/j.bbih.2024.100729;permeability
31;10.1016/j.bbih.2024.100729;pro-inflammatory cytokines
31;10.1016/j.bbih.2024.100729;microglial activation
31;10.1016/j.bbih.2024.100729;synaptic plasticity
31;10.1016/j.bbih.2024.100729;fecal microbiota
31;10.1016/j.bbih.2024.100729;depression-like behavior
31;10.1016/j.bbih.2024.100729;chronic psychological stress
37;10.1186/s13293-024-00590-7;Microbial composition
37;10.1186/s13293-024-00590-7;functionality
37;10.1186/s13293-024-00590-7;stress resilience
37;10.1186/s13293-024-00590-7;susceptibility
37;10.1186/s13293-024-00590-7;mood disorders
37;10.1186/s13293-024-00590-7;gut microbiota
37;10.1186/s13293-024-00590-7;single prolonged stress
37;10.1186/s13293-024-00590-7;SPS
37;10.1186/s13293-024-00590-7;post-traumatic stress disorder
37;10.1186/s13293-024-00590-7;tight junction protein claudin-5
37;10.1186/s13293-024-00590-7;alpha diversity
37;10.1186/s13293-024-00590-7;Beta diversity
37;10.1186/s13293-024-00590-7;Lactobacillus
37;10.1186/s13293-024-00590-7;Lachnospiraceae_Incertae_Sedis
37;10.1186/s13293-024-00590-7;Barnesiella
37;10.1186/s13293-024-00590-7;microbial predictive functionality
37;10.1186/s13293-024-00590-7;short-chain fatty acids
37;10.1186/s13293-024-00590-7;SCFAs
37;10.1186/s13293-024-00590-7;branched-chain SCFAs
37;10.1186/s13293-024-00590-7;anxiety-like behavior
39;10.1136/gpsych-2023-101374;gut microbiota-derived short-chain fatty acids
39;10.1136/gpsych-2023-101374;depression
39;10.1136/gpsych-2023-101374;microbiota-gut-brain axis
39;10.1136/gpsych-2023-101374;central nervous system
39;10.1136/gpsych-2023-101374;neural pathways
39;10.1136/gpsych-2023-101374;endocrine pathways
39;10.1136/gpsych-2023-101374;immune pathways
39;10.1136/gpsych-2023-101374;Short-chain fatty acids
39;10.1136/gpsych-2023-101374;SCFAs
39;10.1136/gpsych-2023-101374;acetate
39;10.1136/gpsych-2023-101374;propionate
39;10.1136/gpsych-2023-101374;butyrate
39;10.1136/gpsych-2023-101374;pathophysiology
39;10.1136/gpsych-2023-101374;chronic cerebral hypoperfusion
39;10.1136/gpsych-2023-101374;neuroinflammation
39;10.1136/gpsych-2023-101374;host epigenome
39;10.1136/gpsych-2023-101374;neuroendocrine alterations
39;10.1136/gpsych-2023-101374;microbiota-related treatments
40;10.1016/j.biopsych.2023.10.014;Inflammation
40;10.1016/j.biopsych.2023.10.014;Intestinal Permeability
40;10.1016/j.biopsych.2023.10.014;gut Microbiota Shifts
40;10.1016/j.biopsych.2023.10.014;Mental Health Outcomes
40;10.1016/j.biopsych.2023.10.014;stress-related psychiatric disorders
40;10.1016/j.biopsych.2023.10.014;bacterial species
40;10.1016/j.biopsych.2023.10.014;stress resilience
40;10.1016/j.biopsych.2023.10.014;gut microbiota
40;10.1016/j.biopsych.2023.10.014;metabolites
40;10.1016/j.biopsych.2023.10.014;tight junctions
40;10.1016/j.biopsych.2023.10.014;gut barrier
40;10.1016/j.biopsych.2023.10.014;bacterial products
40;10.1016/j.biopsych.2023.10.014;systemic inflammatory responses
40;10.1016/j.biopsych.2023.10.014;circulating inflammation
40;10.1016/j.biopsych.2023.10.014;depression
40;10.1016/j.biopsych.2023.10.014;antibiotics
40;10.1016/j.biopsych.2023.10.014;probiotics
40;10.1016/j.biopsych.2023.10.014;prebiotics
40;10.1016/j.biopsych.2023.10.014;psychiatric symptoms
41;10.1038/s41598-024-53929-w;gut microbiota
41;10.1038/s41598-024-53929-w;mental disorders
41;10.1038/s41598-024-53929-w;depression
41;10.1038/s41598-024-53929-w;stress
41;10.1038/s41598-024-53929-w;anxiety
41;10.1038/s41598-024-53929-w;eating disorders
41;10.1038/s41598-024-53929-w;microbial/metabolomic signatures
41;10.1038/s41598-024-53929-w;differentially abundant bacterial genera
41;10.1038/s41598-024-53929-w;circulating metabolites
41;10.1038/s41598-024-53929-w;Parabacteroides
41;10.1038/s41598-024-53929-w;microbiome
41;10.1038/s41598-024-53929-w;intervention strategies
42;10.3389/fimmu.2024.1349883;posttraumatic stress disorder
42;10.3389/fimmu.2024.1349883;PTSD
42;10.3389/fimmu.2024.1349883;gut microbiota
42;10.3389/fimmu.2024.1349883;inflammatory biomarkers
42;10.3389/fimmu.2024.1349883;immune biomarkers
42;10.3389/fimmu.2024.1349883;microbial diversity
42;10.3389/fimmu.2024.1349883;alpha diversity
42;10.3389/fimmu.2024.1349883;Shannon Diversity Index
42;10.3389/fimmu.2024.1349883;Lachnospiraceae
42;10.3389/fimmu.2024.1349883;immune dysregulation
43;10.1016/j.nutres.2024.02.003;vitamin D(3)
43;10.1016/j.nutres.2024.02.003;fructooligosaccharides
43;10.1016/j.nutres.2024.02.003;colonic vitamin D receptor
43;10.1016/j.nutres.2024.02.003;anxiety-related behavior
43;10.1016/j.nutres.2024.02.003;depression
43;10.1016/j.nutres.2024.02.003;anxiety disorders
43;10.1016/j.nutres.2024.02.003;gut microbiota
43;10.1016/j.nutres.2024.02.003;neuropsychiatric disorders
43;10.1016/j.nutres.2024.02.003;antibiotics
43;10.1016/j.nutres.2024.02.003;vitamin D receptor
43;10.1016/j.nutres.2024.02.003;TPH1
43;10.1016/j.nutres.2024.02.003;serotonin synthesis
43;10.1016/j.nutres.2024.02.003;mood disorders
45;10.3389/fnut.2024.1337889;Gut microbiota
45;10.3389/fnut.2024.1337889;mental health
45;10.3389/fnut.2024.1337889;brain-gut-microbiota
45;10.3389/fnut.2024.1337889;BGM system
45;10.3389/fnut.2024.1337889;cognitive processes
45;10.3389/fnut.2024.1337889;mood regulation
45;10.3389/fnut.2024.1337889;neuroplasticity
45;10.3389/fnut.2024.1337889;brain health
45;10.3389/fnut.2024.1337889;psychological functioning
45;10.3389/fnut.2024.1337889;well-being
45;10.3389/fnut.2024.1337889;nutritional neuroscience
50;10.1155/2024/2856759;Gut-Brain Axis
50;10.1155/2024/2856759;Canine Anxiety Disorders
50;10.1155/2024/2856759;Anxiety disorders
50;10.1155/2024/2856759;gut microbiota
50;10.1155/2024/2856759;intestinal homeostasis
50;10.1155/2024/2856759;mental health
50;10.1155/2024/2856759;metabolic pathways
50;10.1155/2024/2856759;neural pathways
50;10.1155/2024/2856759;endocrine pathways
50;10.1155/2024/2856759;immune-mediated pathways
50;10.1155/2024/2856759;dysbiosis
50;10.1155/2024/2856759;mental disorders
50;10.1155/2024/2856759;prebiotics
50;10.1155/2024/2856759;probiotics
50;10.1155/2024/2856759;anxiety-related symptoms
52;10.3389/fmicb.2024.1326584;running exercises
52;10.3389/fmicb.2024.1326584;microbial diversity
52;10.3389/fmicb.2024.1326584;tryptophan metabolism
52;10.3389/fmicb.2024.1326584;microbiota-gut-brain axis
52;10.3389/fmicb.2024.1326584;serotonin
52;10.3389/fmicb.2024.1326584;kynurenine
52;10.3389/fmicb.2024.1326584;tryptamine
52;10.3389/fmicb.2024.1326584;indole
52;10.3389/fmicb.2024.1326584;microbial metabolites
52;10.3389/fmicb.2024.1326584;multi-omics analysis
52;10.3389/fmicb.2024.1326584;hippocampus
52;10.3389/fmicb.2024.1326584;brainstem
52;10.3389/fmicb.2024.1326584;Fecal microbiota analysis
52;10.3389/fmicb.2024.1326584;taxon-function analysis
52;10.3389/fmicb.2024.1326584;Romboutsia
52;10.3389/fmicb.2024.1326584;A. muciniphila
52;10.3389/fmicb.2024.1326584;gut microenvironment
52;10.3389/fmicb.2024.1326584;microbiota-based approaches
52;10.3389/fmicb.2024.1326584;mental health
53;10.3390/cells13020177;Psychiatric Comorbidities
53;10.3390/cells13020177;Inflammatory Bowel Disease
53;10.3390/cells13020177;IBD
53;10.3390/cells13020177;Crohn's disease
53;10.3390/cells13020177;ulcerative colitis
53;10.3390/cells13020177;depression
53;10.3390/cells13020177;anxiety
53;10.3390/cells13020177;neuroinflammation
53;10.3390/cells13020177;microglia
53;10.3390/cells13020177;innate immune responses
53;10.3390/cells13020177;secretory profile
53;10.3390/cells13020177;phagocytic activity
53;10.3390/cells13020177;synaptic pruning
53;10.3390/cells13020177;psychiatric manifestations
55;10.1016/j.lfs.2023.122357;microbiota-gut-brain axis
55;10.1016/j.lfs.2023.122357;autism spectrum disorder
55;10.1016/j.lfs.2023.122357;ASD
55;10.1016/j.lfs.2023.122357;neurodevelopmental disorders
55;10.1016/j.lfs.2023.122357;gut microbiome
55;10.1016/j.lfs.2023.122357;blood-brain barrier
55;10.1016/j.lfs.2023.122357;BBB
55;10.1016/j.lfs.2023.122357;drug bioavailability
55;10.1016/j.lfs.2023.122357;social behaviors
55;10.1016/j.lfs.2023.122357;microbiota-based interventions
55;10.1016/j.lfs.2023.122357;probiotics
55;10.1016/j.lfs.2023.122357;gastrointestinal (GI) microbiota transplantation
55;10.1016/j.lfs.2023.122357;metabolite supplementation
55;10.1016/j.lfs.2023.122357;RNA sequencing
55;10.1016/j.lfs.2023.122357;metabolomics
55;10.1016/j.lfs.2023.122357;transcriptomics
55;10.1016/j.lfs.2023.122357;ASD pathophysiology
55;10.1016/j.lfs.2023.122357;behavioral symptoms
55;10.1016/j.lfs.2023.122357;gastrointestinal symptoms
55;10.1016/j.lfs.2023.122357;psychobiotic agents
58;10.3389/fpsyt.2023.1318637;autism spectrum disorder
58;10.3389/fpsyt.2023.1318637;ASD
58;10.3389/fpsyt.2023.1318637;biomedical markers
58;10.3389/fpsyt.2023.1318637;trace elements
58;10.3389/fpsyt.2023.1318637;microbiota biomarkers
58;10.3389/fpsyt.2023.1318637;oxytocin
58;10.3389/fpsyt.2023.1318637;GABA
58;10.3389/fpsyt.2023.1318637;Serotonin
58;10.3389/fpsyt.2023.1318637;CRP
58;10.3389/fpsyt.2023.1318637;IL-6
58;10.3389/fpsyt.2023.1318637;Fe
58;10.3389/fpsyt.2023.1318637;Zn
58;10.3389/fpsyt.2023.1318637;Cu
58;10.3389/fpsyt.2023.1318637;gut microbiota
58;10.3389/fpsyt.2023.1318637;iron
58;10.3389/fpsyt.2023.1318637;zinc
58;10.3389/fpsyt.2023.1318637;Bifidobacterium
58;10.3389/fpsyt.2023.1318637;Parabacteroides
58;10.3389/fpsyt.2023.1318637;c-reactive protein
58;10.3389/fpsyt.2023.1318637;Bacteroides
58;10.3389/fpsyt.2023.1318637;Clostridium
58;10.3389/fpsyt.2023.1318637;Faecalibacterium
58;10.3389/fpsyt.2023.1318637;biomarker panel
62;10.1163/18762891-20230025;Gut production of GABA
62;10.1163/18762891-20230025;probiotic formula
62;10.1163/18762891-20230025;neuroactive compounds
62;10.1163/18762891-20230025;colon
62;10.1163/18762891-20230025;in vitro gut simulator
62;10.1163/18762891-20230025;lactic acid bacterial strains
62;10.1163/18762891-20230025;Levilactobacillus brevis
62;10.1163/18762891-20230025;Lactiplantibacillus plantarum
62;10.1163/18762891-20230025;Lacticaseibacillus paracasei
62;10.1163/18762891-20230025;Ligilactobacillus salivarius
62;10.1163/18762891-20230025;Streptococcus thermophilus
62;10.1163/18762891-20230025;neurotransmitters
62;10.1163/18762891-20230025;L. brevis P30021
62;10.1163/18762891-20230025;L. plantarum P30025
62;10.1163/18762891-20230025;γ-aminobutyric acid
62;10.1163/18762891-20230025;GABA
62;10.1163/18762891-20230025;acetylcholine
62;10.1163/18762891-20230025;psychobiotic activity
62;10.1163/18762891-20230025;human microbiota
62;10.1163/18762891-20230025;Simulator of the Human Intestinal Microbiota
62;10.1163/18762891-20230025;SHIME®
62;10.1163/18762891-20230025;LC-MS
62;10.1163/18762891-20230025;Short chain fatty acids
62;10.1163/18762891-20230025;SCFA
62;10.1163/18762891-20230025;GC
62;10.1163/18762891-20230025;16S rRNA gene sequencing
62;10.1163/18762891-20230025;glutamate
62;10.1163/18762891-20230025;Veillonellaceae
62;10.1163/18762891-20230025;ascending colon
62;10.1163/18762891-20230025;Bacteroides
62;10.1163/18762891-20230025;anti-inflammatory activities
62;10.1163/18762891-20230025;neuroactive metabolites
62;10.1163/18762891-20230025;psychobiotics
62;10.1163/18762891-20230025;mental health
64;10.1016/j.advnut.2023.10.008;Diet-Associated Gut Microbial Metabolites
64;10.1016/j.advnut.2023.10.008;Brain Health
64;10.1016/j.advnut.2023.10.008;gut-brain axis
64;10.1016/j.advnut.2023.10.008;dietary components
64;10.1016/j.advnut.2023.10.008;intestinal microbiota
64;10.1016/j.advnut.2023.10.008;systemic circulation
64;10.1016/j.advnut.2023.10.008;central nervous system
64;10.1016/j.advnut.2023.10.008;CNS
64;10.1016/j.advnut.2023.10.008;microglia
64;10.1016/j.advnut.2023.10.008;astrocytes
64;10.1016/j.advnut.2023.10.008;neuronal cells
64;10.1016/j.advnut.2023.10.008;cognitive function
64;10.1016/j.advnut.2023.10.008;mood
64;10.1016/j.advnut.2023.10.008;behavior
64;10.1016/j.advnut.2023.10.008;short-chain fatty acids
64;10.1016/j.advnut.2023.10.008;tryptophan metabolites
64;10.1016/j.advnut.2023.10.008;bile acid metabolites
64;10.1016/j.advnut.2023.10.008;inflammatory signals
64;10.1016/j.advnut.2023.10.008;mental health treatment
65;none;Depression
65;none;Aberrant Intestinal Microbiome
65;none;mental health disorders
65;none;gut microbiome dysregulation
65;none;hypothalamic-pituitary-adrenal axis
65;none;central nervous system
65;none;signaling molecules
65;none;antidepressants
65;none;antibiotics
65;none;probiotics
65;none;fecal microbiota transplant
65;none;gut dysbiosis
68;10.1007/s10068-023-01414-x;short chain fatty acids
68;10.1007/s10068-023-01414-x;postbiotics
68;10.1007/s10068-023-01414-x;gut microbiome
68;10.1007/s10068-023-01414-x;inflammatory bowel diseases
68;10.1007/s10068-023-01414-x;neurological disorders
68;10.1007/s10068-023-01414-x;psychobiotics
68;10.1007/s10068-023-01414-x;gut-brain axis
68;10.1007/s10068-023-01414-x;immunological pathways
68;10.1007/s10068-023-01414-x;humoral pathways
68;10.1007/s10068-023-01414-x;neuronal pathways
68;10.1007/s10068-023-01414-x;metabolic pathways
68;10.1007/s10068-023-01414-x;Lactobacillus
68;10.1007/s10068-023-01414-x;Bifidobacterium
68;10.1007/s10068-023-01414-x;SCFAs
68;10.1007/s10068-023-01414-x;mucins
68;10.1007/s10068-023-01414-x;antimicrobial proteins
68;10.1007/s10068-023-01414-x;bacteriocins
68;10.1007/s10068-023-01414-x;peptides
68;10.1007/s10068-023-01414-x;cytokines
68;10.1007/s10068-023-01414-x;Interleukin 10
68;10.1007/s10068-023-01414-x;Interleukin 18
68;10.1007/s10068-023-01414-x;serotonin
68;10.1007/s10068-023-01414-x;intestinal barrier system
68;10.1007/s10068-023-01414-x;SCFAs mediated gut-brain axis
70;10.1016/j.bbi.2023.11.021;ursodeoxycholic acids
70;10.1016/j.bbi.2023.11.021;microglia
70;10.1016/j.bbi.2023.11.021;TGR5 signaling
70;10.1016/j.bbi.2023.11.021;Ischemic stroke
70;10.1016/j.bbi.2023.11.021;gut microbiota
70;10.1016/j.bbi.2023.11.021;bile acids
70;10.1016/j.bbi.2023.11.021;BAs
70;10.1016/j.bbi.2023.11.021;ursodeoxycholic acid
70;10.1016/j.bbi.2023.11.021;UDCA
70;10.1016/j.bbi.2023.11.021;neurological function
70;10.1016/j.bbi.2023.11.021;cognitive function
70;10.1016/j.bbi.2023.11.021;NLRP3-related pro-inflammatory cytokines
70;10.1016/j.bbi.2023.11.021;TGR5/PKA pathway
70;10.1016/j.bbi.2023.11.021;inflammatory responses
73;10.1016/j.biopha.2023.115921;Cryptotanshinone
73;10.1016/j.biopha.2023.115921;CPT
73;10.1016/j.biopha.2023.115921;gut microbiota
73;10.1016/j.biopha.2023.115921;PI3K-AKT pathway
73;10.1016/j.biopha.2023.115921;CUMS
73;10.1016/j.biopha.2023.115921;depressive symptoms
73;10.1016/j.biopha.2023.115921;inflammatory responses
73;10.1016/j.biopha.2023.115921;open field experiment
73;10.1016/j.biopha.2023.115921;elevated cross maze experiment
73;10.1016/j.biopha.2023.115921;sugar water preference experiment
73;10.1016/j.biopha.2023.115921;forced swimming experiment
73;10.1016/j.biopha.2023.115921;16 S rDNA analysis
73;10.1016/j.biopha.2023.115921;transcriptomics analysis
73;10.1016/j.biopha.2023.115921;molecular docking
73;10.1016/j.biopha.2023.115921;depressive disorders
77;10.3390/ijms25010038;Central Nervous System
77;10.3390/ijms25010038;Enteric Nerves
77;10.3390/ijms25010038;Gut Microbiota
77;10.3390/ijms25010038;gut microbiome
77;10.3390/ijms25010038;immune activation
77;10.3390/ijms25010038;intestinal permeability
77;10.3390/ijms25010038;enteric reflex
77;10.3390/ijms25010038;entero-endocrine signaling
77;10.3390/ijms25010038;bile acids
77;10.3390/ijms25010038;short-chain fatty acids
77;10.3390/ijms25010038;SCFAs
77;10.3390/ijms25010038;glutamate
77;10.3390/ijms25010038;Glu
77;10.3390/ijms25010038;γ-aminobutyric acid
77;10.3390/ijms25010038;GABA
77;10.3390/ijms25010038;dopamine
77;10.3390/ijms25010038;DA
77;10.3390/ijms25010038;norepinephrine
77;10.3390/ijms25010038;NE
77;10.3390/ijms25010038;serotonin
77;10.3390/ijms25010038;5-HT
77;10.3390/ijms25010038;histamine
77;10.3390/ijms25010038;vagus nerve
77;10.3390/ijms25010038;VN
77;10.3390/ijms25010038;entero-epithelial cells
77;10.3390/ijms25010038;EES
77;10.3390/ijms25010038;myenteric plexus
77;10.3390/ijms25010038;enteric nervous system
77;10.3390/ijms25010038;ENS
77;10.3390/ijms25010038;cognitive behavior
77;10.3390/ijms25010038;neuropsychiatric disorders
77;10.3390/ijms25010038;autism
77;10.3390/ijms25010038;depression
77;10.3390/ijms25010038;schizophrenia
77;10.3390/ijms25010038;neurotransmitters
77;10.3390/ijms25010038;psychobiotic compounds
80;10.1016/j.xfre.2023.08.009;neuroendocrine
80;10.1016/j.xfre.2023.08.009;neurotransmitter
80;10.1016/j.xfre.2023.08.009;gut microbiota imbalance
80;10.1016/j.xfre.2023.08.009;psychiatric disorder
80;10.1016/j.xfre.2023.08.009;polycystic ovarian syndrome
80;10.1016/j.xfre.2023.08.009;PCOS
80;10.1016/j.xfre.2023.08.009;depression
80;10.1016/j.xfre.2023.08.009;anxiety
80;10.1016/j.xfre.2023.08.009;hypothalamic-pituitary-ovarian
80;10.1016/j.xfre.2023.08.009;hypothalamic-pituitary-adrenal axes
80;10.1016/j.xfre.2023.08.009;neuronal signaling
80;10.1016/j.xfre.2023.08.009;gut-brain axis
80;10.1016/j.xfre.2023.08.009;probiotics
80;10.1016/j.xfre.2023.08.009;micronutrient supplementation
80;10.1016/j.xfre.2023.08.009;psychiatric symptoms
86;10.1016/j.neubiorev.2023.105425;Major depressive disorder
86;10.1016/j.neubiorev.2023.105425;MDD
86;10.1016/j.neubiorev.2023.105425;neuro-immune disorder
86;10.1016/j.neubiorev.2023.105425;inflammatory response
86;10.1016/j.neubiorev.2023.105425;systemic peripheral inflammatory markers
86;10.1016/j.neubiorev.2023.105425;chronic systemic inflammation
86;10.1016/j.neubiorev.2023.105425;gut microbiota
86;10.1016/j.neubiorev.2023.105425;Peripheral cytokines
86;10.1016/j.neubiorev.2023.105425;neuroinflammation
86;10.1016/j.neubiorev.2023.105425;cellular pathways
86;10.1016/j.neubiorev.2023.105425;humoral pathways
86;10.1016/j.neubiorev.2023.105425;neural pathways
86;10.1016/j.neubiorev.2023.105425;antidepressant drugs
86;10.1016/j.neubiorev.2023.105425;Anti-inflammatory drugs
86;10.1016/j.neubiorev.2023.105425;depressive symptoms
86;10.1016/j.neubiorev.2023.105425;glial cells
86;10.1016/j.neubiorev.2023.105425;neurotherapeutic targets
91;10.3389/fcimb.2023.1296417;gut microbiota
91;10.3389/fcimb.2023.1296417;insomnia
91;10.3389/fcimb.2023.1296417;gut-brain axis
91;10.3389/fcimb.2023.1296417;sleep
91;10.3389/fcimb.2023.1296417;immune system
91;10.3389/fcimb.2023.1296417;central nervous system
91;10.3389/fcimb.2023.1296417;host homeostasis
91;10.3389/fcimb.2023.1296417;GWAS
91;10.3389/fcimb.2023.1296417;Negativicutes
91;10.3389/fcimb.2023.1296417;Clostridiuminnocuumgroup
91;10.3389/fcimb.2023.1296417;Dorea
91;10.3389/fcimb.2023.1296417;Lachnoclostridium
91;10.3389/fcimb.2023.1296417;Prevotella7
91;10.3389/fcimb.2023.1296417;Selenomonadalesare
91;10.3389/fcimb.2023.1296417;biomarkers
91;10.3389/fcimb.2023.1296417;treatment targets
93;10.3390/nu15234905;Diet
93;10.3390/nu15234905;Short-Term Probiotic Intervention
93;10.3390/nu15234905;Depressive Symptoms
93;10.3390/nu15234905;bariatric surgery
93;10.3390/nu15234905;probiotics
93;10.3390/nu15234905;mood disorders
93;10.3390/nu15234905;mental health
93;10.3390/nu15234905;BDI
93;10.3390/nu15234905;HRSD
93;10.3390/nu15234905;gut microbiota
93;10.3390/nu15234905;RYGB
93;10.3390/nu15234905;SG
93;10.3390/nu15234905;Muribaculaceae
93;10.3390/nu15234905;Veillonella
93;10.3390/nu15234905;Roseburia
93;10.3390/nu15234905;Christensenellaceae R-7 group
93;10.3390/nu15234905;Subdoligranulum
93;10.3390/nu15234905;Oscillibacter
93;10.3390/nu15234905;UCG-005
93;10.3390/nu15234905;gut-brain microbiota axis
97;10.1007/7854_2023_449;Microbiota-Gut-Brain Axis
97;10.1007/7854_2023_449;Antidepressant Treatment
97;10.1007/7854_2023_449;depressive disorders
97;10.1007/7854_2023_449;gastrointestinal system
97;10.1007/7854_2023_449;brain function
97;10.1007/7854_2023_449;mental health
97;10.1007/7854_2023_449;gut-brain modules
97;10.1007/7854_2023_449;compositional alterations
97;10.1007/7854_2023_449;depression
97;10.1007/7854_2023_449;catecholaminergic
97;10.1007/7854_2023_449;monoamine neurotransmission
97;10.1007/7854_2023_449;antidepressants
97;10.1007/7854_2023_449;prebiotics
97;10.1007/7854_2023_449;probiotics
97;10.1007/7854_2023_449;synbiotics
97;10.1007/7854_2023_449;psychobiotics
97;10.1007/7854_2023_449;therapeutic adjuncts
97;10.1007/7854_2023_449;fecal microbiota transplantation
97;10.1007/7854_2023_449;microorganisms
97;10.1007/7854_2023_449;prebiotic fibers
100;10.1186/s13063-023-07765-4;inulin supplementation
100;10.1186/s13063-023-07765-4;inflammatory and oxidative stress markers
100;10.1186/s13063-023-07765-4;migraine
100;10.1186/s13063-023-07765-4;gut-brain axis
100;10.1186/s13063-023-07765-4;neurological diseases
100;10.1186/s13063-023-07765-4;intestinal microbiota
100;10.1186/s13063-023-07765-4;oxidative stress
100;10.1186/s13063-023-07765-4;inflammation
100;10.1186/s13063-023-07765-4;mental health
100;10.1186/s13063-023-07765-4;quality of life
100;10.1186/s13063-023-07765-4;intestinal permeability
100;10.1186/s13063-023-07765-4;zonulin
100;10.1186/s13063-023-07765-4;high-sensitive C-reactive protein
100;10.1186/s13063-023-07765-4;total antioxidant capacity
100;10.1186/s13063-023-07765-4;total oxidant status
100;10.1186/s13063-023-07765-4;nitric oxide
100;10.1186/s13063-023-07765-4;gut microbiota manipulation
101;10.1590/1984-3143-AR2023-0082;intestinal microbiota
101;10.1590/1984-3143-AR2023-0082;gut microbiota
101;10.1590/1984-3143-AR2023-0082;immune system development
101;10.1590/1984-3143-AR2023-0082;host metabolism
101;10.1590/1984-3143-AR2023-0082;Dysbiosis
101;10.1590/1984-3143-AR2023-0082;inflammatory bowel disease
101;10.1590/1984-3143-AR2023-0082;obesity
101;10.1590/1984-3143-AR2023-0082;neurological conditions
101;10.1590/1984-3143-AR2023-0082;gut-brain axis
101;10.1590/1984-3143-AR2023-0082;central nervous system
101;10.1590/1984-3143-AR2023-0082;cognitive function
101;10.1590/1984-3143-AR2023-0082;mental health
101;10.1590/1984-3143-AR2023-0082;canine intestinal microbiota
101;10.1590/1984-3143-AR2023-0082;gastrointestinal disorders
101;10.1590/1984-3143-AR2023-0082;chronic enteropathy
101;10.1590/1984-3143-AR2023-0082;food allergies
101;10.1590/1984-3143-AR2023-0082;ulcerative histiocytic colitis
250;10.3390/nu14245247;Anorexia nervosa
250;10.3390/nu14245247;AN
250;10.3390/nu14245247;Gut dysbiosis
250;10.3390/nu14245247;gut microbiota
250;10.3390/nu14245247;short-chain fatty acids
250;10.3390/nu14245247;SCFA
250;10.3390/nu14245247;SCFA-producing bacteria
250;10.3390/nu14245247;BMI
250;10.3390/nu14245247;fecal SCFA concentrations
250;10.3390/nu14245247;active AN
250;10.3390/nu14245247;AN-REC
250;10.3390/nu14245247;acetic-
250;10.3390/nu14245247;butyric-
250;10.3390/nu14245247;formic-
250;10.3390/nu14245247;isobutyric-
250;10.3390/nu14245247;isovaleric-
250;10.3390/nu14245247;propionic-
250;10.3390/nu14245247;succinic acid
250;10.3390/nu14245247;plasma concentrations
250;10.3390/nu14245247;weight restoration
251;10.3389/fnins.2022.1029495;gut microbiota
251;10.3389/fnins.2022.1029495;GM
251;10.3389/fnins.2022.1029495;mental health
251;10.3389/fnins.2022.1029495;psychobiology
251;10.3389/fnins.2022.1029495;microbial-gut-brain axis
251;10.3389/fnins.2022.1029495;MGBA
251;10.3389/fnins.2022.1029495;brain function
251;10.3389/fnins.2022.1029495;emotional disorders
251;10.3389/fnins.2022.1029495;depression
251;10.3389/fnins.2022.1029495;mental disorders
251;10.3389/fnins.2022.1029495;antidepressant regimens
251;10.3389/fnins.2022.1029495;gut dysbiosis
251;10.3389/fnins.2022.1029495;classic antidepressants
251;10.3389/fnins.2022.1029495;Chinese materia medica
251;10.3389/fnins.2022.1029495;CMM
251;10.3389/fnins.2022.1029495;exogenous strains
251;10.3389/fnins.2022.1029495;psychiatric disorders
251;10.3389/fnins.2022.1029495;microbial targets
252;10.1016/j.bbrc.2022.09.063;Postpartum depression
252;10.1016/j.bbrc.2022.09.063;PPD
252;10.1016/j.bbrc.2022.09.063;maternal separation
252;10.1016/j.bbrc.2022.09.063;MS
252;10.1016/j.bbrc.2022.09.063;chronic unpredictable mild stress
252;10.1016/j.bbrc.2022.09.063;CUMS
252;10.1016/j.bbrc.2022.09.063;gut microbiota
252;10.1016/j.bbrc.2022.09.063;forced swim test
252;10.1016/j.bbrc.2022.09.063;FST
252;10.1016/j.bbrc.2022.09.063;tail suspension test
252;10.1016/j.bbrc.2022.09.063;TST
252;10.1016/j.bbrc.2022.09.063;sucrose preference index
252;10.1016/j.bbrc.2022.09.063;depression-like behaviors
252;10.1016/j.bbrc.2022.09.063;5-hydroxytryptamine
252;10.1016/j.bbrc.2022.09.063;5-HT
252;10.1016/j.bbrc.2022.09.063;hypothalamic-pituitary-adrenal
252;10.1016/j.bbrc.2022.09.063;HPA axis
252;10.1016/j.bbrc.2022.09.063;corticotropin releasing hormone
252;10.1016/j.bbrc.2022.09.063;corticotropin releasing hormone receptor 1
252;10.1016/j.bbrc.2022.09.063;Bacteroidetes
252;10.1016/j.bbrc.2022.09.063;Firmicutes
252;10.1016/j.bbrc.2022.09.063;Proteobacteria
253;10.1007/s12088-022-01033-w;Gut-Brain Axis
253;10.1007/s12088-022-01033-w;Neurodegeneration
253;10.1007/s12088-022-01033-w;Mental Health
253;10.1007/s12088-022-01033-w;neurodegenerative diseases
253;10.1007/s12088-022-01033-w;protein-protein
253;10.1007/s12088-022-01033-w;gene-environment interactions
253;10.1007/s12088-022-01033-w;central nervous system
253;10.1007/s12088-022-01033-w;CNS
253;10.1007/s12088-022-01033-w;enteric nervous system
253;10.1007/s12088-022-01033-w;ENS
253;10.1007/s12088-022-01033-w;gut microbiota
253;10.1007/s12088-022-01033-w;gut microbiota profile
253;10.1007/s12088-022-01033-w;therapeutic intervention
253;10.1007/s12088-022-01033-w;gut microbial influence
253;10.1007/s12088-022-01033-w;targeted therapies
256;10.3389/fmicb.2022.959856;gut microbiota
256;10.3389/fmicb.2022.959856;GM
256;10.3389/fmicb.2022.959856;pathogenic proteins
256;10.3389/fmicb.2022.959856;neurodegenerative diseases
256;10.3389/fmicb.2022.959856;NDs
256;10.3389/fmicb.2022.959856;vagus nerve
256;10.3389/fmicb.2022.959856;intestinal barrier
256;10.3389/fmicb.2022.959856;blood-brain barrier
256;10.3389/fmicb.2022.959856;cytokines
256;10.3389/fmicb.2022.959856;central microglia
256;10.3389/fmicb.2022.959856;neuroprotective effects
256;10.3389/fmicb.2022.959856;dietary therapy
256;10.3389/fmicb.2022.959856;fecal microbiota transplantation
256;10.3389/fmicb.2022.959856;FMT
261;10.3390/nu14224776;mental health
261;10.3390/nu14224776;academic stress
261;10.3390/nu14224776;gut microbiota
261;10.3390/nu14224776;bidirectional interactions
261;10.3390/nu14224776;self-reported mood
261;10.3390/nu14224776;mental health status
261;10.3390/nu14224776;metabolic and stress biomarkers
261;10.3390/nu14224776;gut microbial diversity
262;10.3389/fpsyt.2022.960756;gut microbiota
262;10.3389/fpsyt.2022.960756;anxiety
262;10.3389/fpsyt.2022.960756;depression
262;10.3389/fpsyt.2022.960756;psychiatric disorders
262;10.3389/fpsyt.2022.960756;oral microbiome
262;10.3389/fpsyt.2022.960756;mental health
262;10.3389/fpsyt.2022.960756;genome-wide association study
262;10.3389/fpsyt.2022.960756;GWAS
262;10.3389/fpsyt.2022.960756;polygenic risk scores
262;10.3389/fpsyt.2022.960756;PRSs
262;10.3389/fpsyt.2022.960756;salivary microbiomes
262;10.3389/fpsyt.2022.960756;tongue dorsum microbiomes
262;10.3389/fpsyt.2022.960756;Mendelian randomization
262;10.3389/fpsyt.2022.960756;MR
262;10.3389/fpsyt.2022.960756;anxiety score
262;10.3389/fpsyt.2022.960756;depression score
262;10.3389/fpsyt.2022.960756;Centipeda periodontii SGB 224 × Granulicatella uSGB 3289
262;10.3389/fpsyt.2022.960756;Eggerthia
262;10.3389/fpsyt.2022.960756;diagnostic targets
262;10.3389/fpsyt.2022.960756;intervention strategies
263;10.3389/fnagi.2022.996234;Gut microbiota
263;10.3389/fnagi.2022.996234;human probiotics
263;10.3389/fnagi.2022.996234;brain functions
263;10.3389/fnagi.2022.996234;memory
263;10.3389/fnagi.2022.996234;psychological
263;10.3389/fnagi.2022.996234;biological measures
263;10.3389/fnagi.2022.996234;cognitive scores
263;10.3389/fnagi.2022.996234;neuropsychological battery
263;10.3389/fnagi.2022.996234;mood
263;10.3389/fnagi.2022.996234;stool samples
265;10.3390/nu14214688;gut microbiome
265;10.3390/nu14214688;gut−brain axis
265;10.3390/nu14214688;cognition
265;10.3390/nu14214688;cognitive decline
265;10.3390/nu14214688;gut-derived metabolites
265;10.3390/nu14214688;serum Propionic Acid
265;10.3390/nu14214688;propionic acid
265;10.3390/nu14214688;short-chain fatty acid
265;10.3390/nu14214688;hypercholesterolemia
265;10.3390/nu14214688;diabetes
265;10.3390/nu14214688;blood glucose
265;10.3390/nu14214688;prebiotic foods
268;10.1038/s43587-022-00311-y;Alzheimer's disease
268;10.1038/s43587-022-00311-y;AD
268;10.1038/s43587-022-00311-y;dementia
268;10.1038/s43587-022-00311-y;intermittent fasting
268;10.1038/s43587-022-00311-y;IF
268;10.1038/s43587-022-00311-y;gut microbiota
268;10.1038/s43587-022-00311-y;gut microbial composition
268;10.1038/s43587-022-00311-y;Lactobacillus
268;10.1038/s43587-022-00311-y;Metabolomic profiling
268;10.1038/s43587-022-00311-y;carbohydrate metabolism
268;10.1038/s43587-022-00311-y;sarcosine
268;10.1038/s43587-022-00311-y;dimethylglycine
268;10.1038/s43587-022-00311-y;cognitive decline
268;10.1038/s43587-022-00311-y;amyloid-β
268;10.1038/s43587-022-00311-y;Aβ
268;10.1038/s43587-022-00311-y;glial overactivation
268;10.1038/s43587-022-00311-y;gut-microbiota-metabolites-brain axis
272;10.1016/j.bbi.2022.08.015;autism
272;10.1016/j.bbi.2022.08.015;autism spectrum disorder
272;10.1016/j.bbi.2022.08.015;ASD
272;10.1016/j.bbi.2022.08.015;gut microbiota
272;10.1016/j.bbi.2022.08.015;GI symptoms
272;10.1016/j.bbi.2022.08.015;emotional/behavioral problems
272;10.1016/j.bbi.2022.08.015;alpha diversity
272;10.1016/j.bbi.2022.08.015;Shannon-wiener
272;10.1016/j.bbi.2022.08.015;Simpson diversity indices
272;10.1016/j.bbi.2022.08.015;Fusobacterium
272;10.1016/j.bbi.2022.08.015;Ruminococcus torques group
272;10.1016/j.bbi.2022.08.015;Bacteroides plebeius DSM 17135
272;10.1016/j.bbi.2022.08.015;Ruminococcaceae UCG 013
272;10.1016/j.bbi.2022.08.015;Ervsipelotrichaceae UCG 003
272;10.1016/j.bbi.2022.08.015;Parasutterella
272;10.1016/j.bbi.2022.08.015;Clostridium sensu stricto 1
272;10.1016/j.bbi.2022.08.015;Turicibacter
272;10.1016/j.bbi.2022.08.015;Clostridium spiroforme DSM 1552
272;10.1016/j.bbi.2022.08.015;Intestinimonas butyriciproducens
272;10.1016/j.bbi.2022.08.015;immune dysregulation
272;10.1016/j.bbi.2022.08.015;molecular biomarkers
277;10.19723/j.issn.1671-167X.2022.05.014;fecal microbiota
277;10.19723/j.issn.1671-167X.2022.05.014;first episode schizophrenia
277;10.19723/j.issn.1671-167X.2022.05.014;drug naïve
277;10.19723/j.issn.1671-167X.2022.05.014;intestinal microbiome
277;10.19723/j.issn.1671-167X.2022.05.014;clinical phenotype
277;10.19723/j.issn.1671-167X.2022.05.014;antipsychotic drugs
277;10.19723/j.issn.1671-167X.2022.05.014;APDs
277;10.19723/j.issn.1671-167X.2022.05.014;16S rRNA genes
277;10.19723/j.issn.1671-167X.2022.05.014;alpha diversity index
277;10.19723/j.issn.1671-167X.2022.05.014;chao1
277;10.19723/j.issn.1671-167X.2022.05.014;ACE
277;10.19723/j.issn.1671-167X.2022.05.014;goods_coverage
277;10.19723/j.issn.1671-167X.2022.05.014;Bacteroides
277;10.19723/j.issn.1671-167X.2022.05.014;Streptococcus
277;10.19723/j.issn.1671-167X.2022.05.014;Romboutsia
277;10.19723/j.issn.1671-167X.2022.05.014;Eubacterium ruminantium group
277;10.19723/j.issn.1671-167X.2022.05.014;LEfSe
277;10.19723/j.issn.1671-167X.2022.05.014;Prevotella_9
277;10.19723/j.issn.1671-167X.2022.05.014;Blautia
277;10.19723/j.issn.1671-167X.2022.05.014;Dialister
277;10.19723/j.issn.1671-167X.2022.05.014;Roseburia
277;10.19723/j.issn.1671-167X.2022.05.014;Bifidobacterium
277;10.19723/j.issn.1671-167X.2022.05.014;PANSS
277;10.19723/j.issn.1671-167X.2022.05.014;general psychopathology scale
277;10.19723/j.issn.1671-167X.2022.05.014;Clostridium_sensu_stricto_1
277;10.19723/j.issn.1671-167X.2022.05.014;L-methionine
277;10.19723/j.issn.1671-167X.2022.05.014;L-proline
277;10.19723/j.issn.1671-167X.2022.05.014;homovanillic acid
277;10.19723/j.issn.1671-167X.2022.05.014;N-acetylserotonin
277;10.19723/j.issn.1671-167X.2022.05.014;vitamin B6
279;10.1186/s12916-022-02550-7;IBD
279;10.1186/s12916-022-02550-7;depression
279;10.1186/s12916-022-02550-7;fatigue
279;10.1186/s12916-022-02550-7;inflammatory bowel diseases
279;10.1186/s12916-022-02550-7;microbiota-gut-brain axis
279;10.1186/s12916-022-02550-7;faecal gut microbiota
279;10.1186/s12916-022-02550-7;taxonomic
279;10.1186/s12916-022-02550-7;metagenomic profiles
279;10.1186/s12916-022-02550-7;Bayesian statistics
279;10.1186/s12916-022-02550-7;bacterial genera
279;10.1186/s12916-022-02550-7;functional modules
279;10.1186/s12916-022-02550-7;Odoribacter
279;10.1186/s12916-022-02550-7;Anaerotruncus
279;10.1186/s12916-022-02550-7;Alistipes
279;10.1186/s12916-022-02550-7;pectin
279;10.1186/s12916-022-02550-7;glycosaminoglycan
279;10.1186/s12916-022-02550-7;central carbohydrate metabolism
279;10.1186/s12916-022-02550-7;Intestinimonas
279;10.1186/s12916-022-02550-7;Eubacterium
279;10.1186/s12916-022-02550-7;Clostridiales g.i.s
279;10.1186/s12916-022-02550-7;amino acid
279;10.1186/s12916-022-02550-7;short-chain fatty acid producers
279;10.1186/s12916-022-02550-7;glycan
279;10.1186/s12916-022-02550-7;microbiota-directed therapeutic approaches
283;10.1038/s41380-022-01569-9;serum metabolome
283;10.1038/s41380-022-01569-9;gut microbiome
283;10.1038/s41380-022-01569-9;brain function
283;10.1038/s41380-022-01569-9;microbiota-gut-brain axis
283;10.1038/s41380-022-01569-9;bipolar depression
283;10.1038/s41380-022-01569-9;BD
283;10.1038/s41380-022-01569-9;faecal metagenomic
283;10.1038/s41380-022-01569-9;serum metabolomics
283;10.1038/s41380-022-01569-9;neuroimaging
283;10.1038/s41380-022-01569-9;neuroactive metabolites
283;10.1038/s41380-022-01569-9;B-vitamins
283;10.1038/s41380-022-01569-9;kynurenic acid
283;10.1038/s41380-022-01569-9;gamma-aminobutyric acid
283;10.1038/s41380-022-01569-9;short-chain fatty acids
283;10.1038/s41380-022-01569-9;Akkermansia muciniphila
283;10.1038/s41380-022-01569-9;Citrobacter freundii
283;10.1038/s41380-022-01569-9;Citrobacter werkmanii
283;10.1038/s41380-022-01569-9;Phascolarctobacterium spp.
283;10.1038/s41380-022-01569-9;Yersinia frederiksenii
283;10.1038/s41380-022-01569-9;Yersinia aleksiciae
283;10.1038/s41380-022-01569-9;Enterobacter cloacae
283;10.1038/s41380-022-01569-9;Enterobacter kobei
283;10.1038/s41380-022-01569-9;Flavobacterium spp.
283;10.1038/s41380-022-01569-9;functional connectivity
283;10.1038/s41380-022-01569-9;cognition
283;10.1038/s41380-022-01569-9;emotion regulation
283;10.1038/s41380-022-01569-9;interoception
283;10.1038/s41380-022-01569-9;pathophysiology
287;10.3390/cells11182922;Probiotic
287;10.3390/cells11182922;gut-brain axis
287;10.3390/cells11182922;Bifidobacterium longum
287;10.3390/cells11182922;Lactobacillus helveticus
287;10.3390/cells11182922;Lactiplantibacillus plantarum
287;10.3390/cells11182922;brain morphology
287;10.3390/cells11182922;gray matter volume
287;10.3390/cells11182922;left supramarginal gyrus
287;10.3390/cells11182922;superior parietal lobule
287;10.3390/cells11182922;resting state functional connectivity
287;10.3390/cells11182922;default mode
287;10.3390/cells11182922;salience
287;10.3390/cells11182922;frontoparietal
287;10.3390/cells11182922;language network
287;10.3390/cells11182922;Hospital Anxiety and Depression Scale
287;10.3390/cells11182922;depression sub-score
287;10.3390/cells11182922;psycho(bio)logical markers
287;10.3390/cells11182922;gut-brain communication
290;10.1038/s41398-022-02149-9;Autism Spectrum Disorder
290;10.1038/s41398-022-02149-9;ASD
290;10.1038/s41398-022-02149-9;neurodevelopmental disorder
290;10.1038/s41398-022-02149-9;Microbiota alterations
290;10.1038/s41398-022-02149-9;neuroinflammation
290;10.1038/s41398-022-02149-9;immune dysregulation
290;10.1038/s41398-022-02149-9;maternal immune activation
290;10.1038/s41398-022-02149-9;MIA
290;10.1038/s41398-022-02149-9;gut microbiota
290;10.1038/s41398-022-02149-9;ASD-like behavioral alterations
290;10.1038/s41398-022-02149-9;sociability
290;10.1038/s41398-022-02149-9;sensorimotor gating
290;10.1038/s41398-022-02149-9;perseverative behaviors
290;10.1038/s41398-022-02149-9;microbial taxa
290;10.1038/s41398-022-02149-9;neuroinflammatory responses
290;10.1038/s41398-022-02149-9;cerebellum
291;10.3390/ijerph191711022;Psychobiotics
291;10.3390/ijerph191711022;probiotics
291;10.3390/ijerph191711022;Lactobacillus
291;10.3390/ijerph191711022;Bifidobacterium
291;10.3390/ijerph191711022;mental health benefits
291;10.3390/ijerph191711022;commensal gut microbiota
291;10.3390/ijerph191711022;brain-gut axis
291;10.3390/ijerph191711022;neurotransmitters
291;10.3390/ijerph191711022;neurochemicals
291;10.3390/ijerph191711022;HPA axis
291;10.3390/ijerph191711022;immune system
291;10.3390/ijerph191711022;metabolites
291;10.3390/ijerph191711022;psychiatric problems
293;10.3390/biomedicines10092162;Major depressive disorder
293;10.3390/biomedicines10092162;MDD
293;10.3390/biomedicines10092162;gut microbiota
293;10.3390/biomedicines10092162;GM
293;10.3390/biomedicines10092162;gut-brain axis
293;10.3390/biomedicines10092162;whole metagenome sequencing
293;10.3390/biomedicines10092162;Faecalibacterium prausnitzii
293;10.3390/biomedicines10092162;Roseburia hominis
293;10.3390/biomedicines10092162;Roseburia intestinalis
293;10.3390/biomedicines10092162;Escherichia coli
293;10.3390/biomedicines10092162;Ruthenibacterium lactatiformans
293;10.3390/biomedicines10092162;arginine
293;10.3390/biomedicines10092162;asparagine
293;10.3390/biomedicines10092162;glutamate
293;10.3390/biomedicines10092162;glutamine
293;10.3390/biomedicines10092162;melatonin
293;10.3390/biomedicines10092162;acetic
293;10.3390/biomedicines10092162;butyric
293;10.3390/biomedicines10092162;conjugated linoleic acids
293;10.3390/biomedicines10092162;spermidine
293;10.3390/biomedicines10092162;biomarker bacteria
294;10.3389/fphar.2022.974949;Neferine
294;10.3389/fphar.2022.974949;Nef
294;10.3389/fphar.2022.974949;chronic stress-induced depression
294;10.3389/fphar.2022.974949;tail suspension
294;10.3389/fphar.2022.974949;forced swimming tests
294;10.3389/fphar.2022.974949;sucrose preference indices
294;10.3389/fphar.2022.974949;dopamine
294;10.3389/fphar.2022.974949;DA
294;10.3389/fphar.2022.974949;serotonin
294;10.3389/fphar.2022.974949;5-HT
294;10.3389/fphar.2022.974949;norepinephrine
294;10.3389/fphar.2022.974949;NE
294;10.3389/fphar.2022.974949;hippocampus
294;10.3389/fphar.2022.974949;Lactobacillus
294;10.3389/fphar.2022.974949;intestinal microbiota
294;10.3389/fphar.2022.974949;colonic Lactobacillus abundance
294;10.3389/fphar.2022.974949;monoamine neurotransmitter secretion
294;10.3389/fphar.2022.974949;intestinal flora structure
296;10.1016/j.pbb.2022.173448;Sjögren's syndrome
296;10.1016/j.pbb.2022.173448;SS
296;10.1016/j.pbb.2022.173448;gut-microbiota-brain axis
296;10.1016/j.pbb.2022.173448;depression-like phenotypes
296;10.1016/j.pbb.2022.173448;gut microbiota
296;10.1016/j.pbb.2022.173448;non-obese diabetic
296;10.1016/j.pbb.2022.173448;NOD
296;10.1016/j.pbb.2022.173448;synaptic proteins
296;10.1016/j.pbb.2022.173448;prefrontal cortex
296;10.1016/j.pbb.2022.173448;PFC
296;10.1016/j.pbb.2022.173448;submandibular gland
296;10.1016/j.pbb.2022.173448;SMG
296;10.1016/j.pbb.2022.173448;anti-SSA
296;10.1016/j.pbb.2022.173448;anti-SSB
296;10.1016/j.pbb.2022.173448;proinflammatory factors
298;10.1007/s12031-022-02053-3;Psychobiotics
298;10.1007/s12031-022-02053-3;Gut Microbiota
298;10.1007/s12031-022-02053-3;Gut-Brain Axis
298;10.1007/s12031-022-02053-3;Neurological Disorders
298;10.1007/s12031-022-02053-3;probiotics
298;10.1007/s12031-022-02053-3;central nervous system
298;10.1007/s12031-022-02053-3;CNS
298;10.1007/s12031-022-02053-3;autism spectrum disorders
298;10.1007/s12031-022-02053-3;Parkinson's disease
298;10.1007/s12031-022-02053-3;multiple sclerosis
298;10.1007/s12031-022-02053-3;insomnia
298;10.1007/s12031-022-02053-3;depression
298;10.1007/s12031-022-02053-3;diabetic neuropathy
298;10.1007/s12031-022-02053-3;anorexia nervosa
298;10.1007/s12031-022-02053-3;psychotropic strains
299;10.3390/jcm11175121;Intestinal Permeability
299;10.3390/jcm11175121;Depression
299;10.3390/jcm11175121;Inflammatory Bowel Disease
299;10.3390/jcm11175121;brain-gut-microbiota axis
299;10.3390/jcm11175121;intestinal barrier
299;10.3390/jcm11175121;mental health
299;10.3390/jcm11175121;intestinal permeability biomarkers
299;10.3390/jcm11175121;calprotectin
299;10.3390/jcm11175121;zonulin
299;10.3390/jcm11175121;lipopolysaccharide-binding protein
299;10.3390/jcm11175121;LBP
299;10.3390/jcm11175121;intestinal fatty acid-binding protein
299;10.3390/jcm11175121;I-FAB
299;10.3390/jcm11175121;Crohn's disease
299;10.3390/jcm11175121;ulcerative colitis
299;10.3390/jcm11175121;biomarkers
304;10.3390/nu14153220;α-Lactalbumin
304;10.3390/nu14153220;α-LA
304;10.3390/nu14153220;polycystic ovary syndrome
304;10.3390/nu14153220;PCOS
304;10.3390/nu14153220;gastrointestinal dysbiosis
304;10.3390/nu14153220;prebiotic effect
304;10.3390/nu14153220;insulin resistance
304;10.3390/nu14153220;obesity
304;10.3390/nu14153220;intestinal inflammation
304;10.3390/nu14153220;altered gut microbiota
304;10.3390/nu14153220;mental wellbeing
304;10.3390/nu14153220;Depressive mood
304;10.3390/nu14153220;serotonin
304;10.3390/nu14153220;tryptophan
304;10.3390/nu14153220;mental well-being
304;10.3390/nu14153220;altered microbiota
313;10.3389/fmicb.2022.916765;Gut microbiota dysbiosis
313;10.3389/fmicb.2022.916765;Alcohol use disorder
313;10.3389/fmicb.2022.916765;AUD
313;10.3389/fmicb.2022.916765;psychiatric disorder
313;10.3389/fmicb.2022.916765;microbiota-gut-brain axis
313;10.3389/fmicb.2022.916765;gut barrier
313;10.3389/fmicb.2022.916765;intestinal permeability
313;10.3389/fmicb.2022.916765;gut microbiota composition
313;10.3389/fmicb.2022.916765;brain function
313;10.3389/fmicb.2022.916765;immune and inflammatory pathways
313;10.3389/fmicb.2022.916765;neurotransmitter release
313;10.3389/fmicb.2022.916765;DA
313;10.3389/fmicb.2022.916765;5-HT
313;10.3389/fmicb.2022.916765;GABA
313;10.3389/fmicb.2022.916765;alcohol addiction
313;10.3389/fmicb.2022.916765;fecal microbiota transplantation
315;10.3389/fnins.2022.813075;Gut microbiome
315;10.3389/fnins.2022.813075;major depressive disorder
315;10.3389/fnins.2022.813075;MDD
315;10.3389/fnins.2022.813075;antidepressant treatment
315;10.3389/fnins.2022.813075;16S rRNA sequencing
315;10.3389/fnins.2022.813075;metabolomics
315;10.3389/fnins.2022.813075;responder
315;10.3389/fnins.2022.813075;non-responder
315;10.3389/fnins.2022.813075;Actinobacteria
315;10.3389/fnins.2022.813075;Christensenellaceae
315;10.3389/fnins.2022.813075;Eggerthellaceae
315;10.3389/fnins.2022.813075;Adlercreutzia
315;10.3389/fnins.2022.813075;Christensenellaceae R7 group
315;10.3389/fnins.2022.813075;lipid metabolism
315;10.3389/fnins.2022.813075;cholestane steroids
315;10.3389/fnins.2022.813075;steroid esters
315;10.3389/fnins.2022.813075;metabolic function
315;10.3389/fnins.2022.813075;antidepressants
321;10.1186/s13063-022-06413-7;polyunsaturated fatty acid
321;10.1186/s13063-022-06413-7;PUFA
321;10.1186/s13063-022-06413-7;microbiome-gut-brain axis
321;10.1186/s13063-022-06413-7;adolescents
321;10.1186/s13063-022-06413-7;anorexia nervosa
321;10.1186/s13063-022-06413-7;AN
321;10.1186/s13063-022-06413-7;psychiatric disease
321;10.1186/s13063-022-06413-7;gut microbiome
321;10.1186/s13063-022-06413-7;body mass index
321;10.1186/s13063-022-06413-7;BMI
321;10.1186/s13063-022-06413-7;gastrointestinal symptoms
321;10.1186/s13063-022-06413-7;eating disorder psychopathology
321;10.1186/s13063-022-06413-7;MRI
321;10.1186/s13063-022-06413-7;functional
321;10.1186/s13063-022-06413-7;morphological changes
321;10.1186/s13063-022-06413-7;neuropsychological assessments
321;10.1186/s13063-022-06413-7;cognitive functioning
321;10.1186/s13063-022-06413-7;serum inflammation
321;10.1186/s13063-022-06413-7;gut permeability markers
321;10.1186/s13063-022-06413-7;gut microbiota
321;10.1186/s13063-022-06413-7;weight gain
326;10.3390/nu14122523;Ginsenosides
326;10.3390/nu14122523;American Ginseng Berry
326;10.3390/nu14122523;Mental Health
326;10.3390/nu14122523;Gut-Brain Axis
326;10.3390/nu14122523;ginseng
326;10.3390/nu14122523;Panax
326;10.3390/nu14122523;mental health-promoting nutraceuticals
326;10.3390/nu14122523;neuroprotective
326;10.3390/nu14122523;antidepressant compounds
326;10.3390/nu14122523;neuroprotection
329;10.3390/ijms23126643;Gut Microbiota
329;10.3390/ijms23126643;GM
329;10.3390/ijms23126643;mental health
329;10.3390/ijms23126643;emerging adulthood
329;10.3390/ijms23126643;neurobiological development
329;10.3390/ijms23126643;hypothalamic-pituitary-adrenal axis
329;10.3390/ijms23126643;gut-brain-microbiota axis
329;10.3390/ijms23126643;microbiota
329;10.3390/ijms23126643;metabolites
329;10.3390/ijms23126643;dysbiotic
329;10.3390/ijms23126643;microbiome
330;10.1038/s41398-022-01993-z;Fecal microbiota transplantation
330;10.1038/s41398-022-01993-z;rheumatoid arthritis
330;10.1038/s41398-022-01993-z;RA
330;10.1038/s41398-022-01993-z;depression
330;10.1038/s41398-022-01993-z;gut-microbiota-brain axis
330;10.1038/s41398-022-01993-z;collagen-induced arthritis
330;10.1038/s41398-022-01993-z;CIA
330;10.1038/s41398-022-01993-z;depression-like behaviors
330;10.1038/s41398-022-01993-z;gut microbiota
330;10.1038/s41398-022-01993-z;FMT
330;10.1038/s41398-022-01993-z;antibiotic cocktail
330;10.1038/s41398-022-01993-z;ABX
330;10.1038/s41398-022-01993-z;interleukin-6
330;10.1038/s41398-022-01993-z;IL-6
330;10.1038/s41398-022-01993-z;synaptic proteins
330;10.1038/s41398-022-01993-z;prefrontal cortex
330;10.1038/s41398-022-01993-z;PFC
330;10.1038/s41398-022-01993-z;tumor necrosis factor-α
330;10.1038/s41398-022-01993-z;TNF-α
330;10.1038/s41398-022-01993-z;T cells differentiation
330;10.1038/s41398-022-01993-z;Peyer's patches
330;10.1038/s41398-022-01993-z;Treg cells
330;10.1038/s41398-022-01993-z;Th1/Th2 index
330;10.1038/s41398-022-01993-z;systemic inflammation
336;10.1177/20451253221096525;Gut microbiome
336;10.1177/20451253221096525;schizophrenia
336;10.1177/20451253221096525;SCZ
336;10.1177/20451253221096525;mental disorder
336;10.1177/20451253221096525;metabolic comorbidities
336;10.1177/20451253221096525;obesity
336;10.1177/20451253221096525;diabetes mellitus
336;10.1177/20451253221096525;Antipsychotics
336;10.1177/20451253221096525;APs
336;10.1177/20451253221096525;gut microbiota
336;10.1177/20451253221096525;GMB
336;10.1177/20451253221096525;depression
336;10.1177/20451253221096525;bipolar disorder
336;10.1177/20451253221096525;Fecal microbiota transplantation
336;10.1177/20451253221096525;SCZ-like behavioral phenotypes
336;10.1177/20451253221096525;prebiotic
336;10.1177/20451253221096525;probiotic formulations
336;10.1177/20451253221096525;symptomatology
336;10.1177/20451253221096525;metabolic adverse effects
337;10.3389/fncel.2022.867267;Microbiome
337;10.3389/fncel.2022.867267;Gut Endocannabinoid System
337;10.3389/fncel.2022.867267;Stress Responses
337;10.3389/fncel.2022.867267;Metabolism
337;10.3389/fncel.2022.867267;gut epithelium
337;10.3389/fncel.2022.867267;enteroendocrine cells
337;10.3389/fncel.2022.867267;vagus nerve
337;10.3389/fncel.2022.867267;gut motility
337;10.3389/fncel.2022.867267;permeability
337;10.3389/fncel.2022.867267;inflammatory responses
337;10.3389/fncel.2022.867267;microbiota composition
337;10.3389/fncel.2022.867267;intestinal endocannabinoid system
337;10.3389/fncel.2022.867267;gut-brain axis
337;10.3389/fncel.2022.867267;mental health
337;10.3389/fncel.2022.867267;stress resilience
337;10.3389/fncel.2022.867267;stress-related disorders
338;10.3390/nu14091921;Microbiome-Brain-Gut Axis
338;10.3390/nu14091921;Depressive Disorder
338;10.3390/nu14091921;gut microbiota
338;10.3390/nu14091921;central nervous system
338;10.3390/nu14091921;microbiome-brain-gut axis
338;10.3390/nu14091921;depression
338;10.3390/nu14091921;dysbiosis
338;10.3390/nu14091921;hypothalamic-pituitary-adrenal
338;10.3390/nu14091921;HPA axis
338;10.3390/nu14091921;neurotransmitters
338;10.3390/nu14091921;gut peptides
338;10.3390/nu14091921;immune system
338;10.3390/nu14091921;stress-measurement
343;10.1016/j.brainresbull.2022.02.004;Brain-gut-microbiota axis
343;10.1016/j.brainresbull.2022.02.004;depression
343;10.1016/j.brainresbull.2022.02.004;gut microbiota
343;10.1016/j.brainresbull.2022.02.004;microbe-derived short-chain fatty acids
343;10.1016/j.brainresbull.2022.02.004;D-amino acids
343;10.1016/j.brainresbull.2022.02.004;metabolites
343;10.1016/j.brainresbull.2022.02.004;neural
343;10.1016/j.brainresbull.2022.02.004;immune systems
343;10.1016/j.brainresbull.2022.02.004;susceptibility
343;10.1016/j.brainresbull.2022.02.004;resilience
343;10.1016/j.brainresbull.2022.02.004;stress
343;10.1016/j.brainresbull.2022.02.004;Vagotomy
343;10.1016/j.brainresbull.2022.02.004;depression-like phenotypes
343;10.1016/j.brainresbull.2022.02.004;fecal microbiota transplantation
343;10.1016/j.brainresbull.2022.02.004;vagus nerve
343;10.1016/j.brainresbull.2022.02.004;therapeutic target
350;10.1038/s41380-022-01456-3;gut microbiota composition
350;10.1038/s41380-022-01456-3;major depressive disorder
350;10.1038/s41380-022-01456-3;MDD
350;10.1038/s41380-022-01456-3;bipolar disorder
350;10.1038/s41380-022-01456-3;BD
350;10.1038/s41380-022-01456-3;schizophrenia
350;10.1038/s41380-022-01456-3;SZ
350;10.1038/s41380-022-01456-3;psychiatry
350;10.1038/s41380-022-01456-3;mental disorders
350;10.1038/s41380-022-01456-3;α-diversity
350;10.1038/s41380-022-01456-3;β-diversity
350;10.1038/s41380-022-01456-3;bacterial taxa
350;10.1038/s41380-022-01456-3;short-chain fatty acids
350;10.1038/s41380-022-01456-3;butyrate
350;10.1038/s41380-022-01456-3;lactic acid-producing bacteria
350;10.1038/s41380-022-01456-3;glutamate
350;10.1038/s41380-022-01456-3;GABA metabolism
350;10.1038/s41380-022-01456-3;mental and brain health
352;10.1007/s00406-021-01325-0;Microglial depletion
352;10.1007/s00406-021-01325-0;gut microbiota composition
352;10.1007/s00406-021-01325-0;short-chain fatty acids
352;10.1007/s00406-021-01325-0;PLX5622
352;10.1007/s00406-021-01325-0;colony-stimulating factor 1 receptor
352;10.1007/s00406-021-01325-0;CSF1R
352;10.1007/s00406-021-01325-0;microglia
352;10.1007/s00406-021-01325-0;SCFAs
352;10.1007/s00406-021-01325-0;microglial markers
352;10.1007/s00406-021-01325-0;prefrontal cortex
352;10.1007/s00406-021-01325-0;PFC
352;10.1007/s00406-021-01325-0;hippocampus
352;10.1007/s00406-021-01325-0;β-diversity
352;10.1007/s00406-021-01325-0;microbial markers
352;10.1007/s00406-021-01325-0;lactic acid
352;10.1007/s00406-021-01325-0;microbiome-microglia crosstalk
352;10.1007/s00406-021-01325-0;brain-gut axis
476;10.1136/bmjopen-2020-043221;microbiota composition    
476;10.1136/bmjopen-2020-043221;gut microbiota    
476;10.1136/bmjopen-2020-043221;oral microbiota    
476;10.1136/bmjopen-2020-043221;anxiety     
476;10.1136/bmjopen-2020-043221;depression     
476;10.1136/bmjopen-2020-043221;irritable bowel syndrome   
476;10.1136/bmjopen-2020-043221;IBS     
476;10.1136/bmjopen-2020-043221;functional gastrointestinal disorders   
476;10.1136/bmjopen-2020-043221;depressive/anxiety disorder    
476;10.1136/bmjopen-2020-043221;16S rRNA gene sequencing  
476;10.1136/bmjopen-2020-043221;nuclear MR spectroscopy   
477;10.3389/fcell.2021.649103;Brain Neurotransmitter Modulation   
477;10.3389/fcell.2021.649103;Gut Microbiota    
477;10.3389/fcell.2021.649103;Anxiety     
477;10.3389/fcell.2021.649103;Depression     
477;10.3389/fcell.2021.649103;serotonergic     
477;10.3389/fcell.2021.649103;dopaminergic     
477;10.3389/fcell.2021.649103;noradrenergic neurotransmission    
477;10.3389/fcell.2021.649103;germ-free rodents    
477;10.3389/fcell.2021.649103;probiotics     
477;10.3389/fcell.2021.649103;gut-brain axis diseases   
479;10.1016/j.jpsychires.2021.01.021;germ-free mice    
479;10.1016/j.jpsychires.2021.01.021;gut microbiota    
479;10.1016/j.jpsychires.2021.01.021;GABAergic     
479;10.1016/j.jpsychires.2021.01.021;glutamatergic signaling    
479;10.1016/j.jpsychires.2021.01.021;mood disorders    
479;10.1016/j.jpsychires.2021.01.021;E. coli JM83   
479;10.1016/j.jpsychires.2021.01.021;specific-pathogen-free     
479;10.1016/j.jpsychires.2021.01.021;BDNF     
479;10.1016/j.jpsychires.2021.01.021;hippocampus     
479;10.1016/j.jpsychires.2021.01.021;amygdala     
479;10.1016/j.jpsychires.2021.01.021;prefrontal cortex    
479;10.1016/j.jpsychires.2021.01.021;quantitative PCR    
479;10.1016/j.jpsychires.2021.01.021;human depression    
484;10.1016/j.lfs.2020.118865;spinal cord injury   
484;10.1016/j.lfs.2020.118865;gut microbiota    
484;10.1016/j.lfs.2020.118865;gut dysbiosis    
484;10.1016/j.lfs.2020.118865;microbiota-gut-brain     
484;10.1016/j.lfs.2020.118865;anxiety     
484;10.1016/j.lfs.2020.118865;depression     
484;10.1016/j.lfs.2020.118865;neuropathic pain    
484;10.1016/j.lfs.2020.118865;germ-free animals    
484;10.1016/j.lfs.2020.118865;fecal microbiota transplantation   
484;10.1016/j.lfs.2020.118865;probiotics     
485;10.1016/j.cpr.2020.101943;gut microbiota    
485;10.1016/j.cpr.2020.101943;anxiety     
485;10.1016/j.cpr.2020.101943;depression     
485;10.1016/j.cpr.2020.101943;depressive disorders    
485;10.1016/j.cpr.2020.101943;generalised anxiety disorder   
485;10.1016/j.cpr.2020.101943;Alpha     
485;10.1016/j.cpr.2020.101943;beta diversity    
485;10.1016/j.cpr.2020.101943;Enterobacteriaceae     
485;10.1016/j.cpr.2020.101943;Desulfovibrio     
485;10.1016/j.cpr.2020.101943;short-chain fatty acid   
485;10.1016/j.cpr.2020.101943;Faecalibacterium     
485;10.1016/j.cpr.2020.101943;peripheral inflammation    
486;10.1007/s13555-020-00466-9;Gut-Brain-Skin Axis    
486;10.1007/s13555-020-00466-9;Psoriasis     
486;10.1007/s13555-020-00466-9;gut microbiota    
486;10.1007/s13555-020-00466-9;immune system    
486;10.1007/s13555-020-00466-9;nervous system    
486;10.1007/s13555-020-00466-9;neurotransmitters     
486;10.1007/s13555-020-00466-9;dopamine     
486;10.1007/s13555-020-00466-9;serotonin     
486;10.1007/s13555-020-00466-9;γ-aminobutyric acid    
486;10.1007/s13555-020-00466-9;GABA     
486;10.1007/s13555-020-00466-9;probiotics     
490;10.1142/S0192415X21500920;gut microbiota    
490;10.1142/S0192415X21500920;mild metabolic disorders   
490;10.1142/S0192415X21500920;Olanzapine     
490;10.1142/S0192415X21500920;berberine     
490;10.1142/S0192415X21500920;schizophrenia     
490;10.1142/S0192415X21500920;bipolar disorder    
490;10.1142/S0192415X21500920;schizoaffective psychosis    
490;10.1142/S0192415X21500920;HOMA-IR     
490;10.1142/S0192415X21500920;Firmicutes     
490;10.1142/S0192415X21500920;bacteroides     
492;10.2174/1381612827666210804110139;Schizophrenia     
492;10.2174/1381612827666210804110139;Antipsychotic Drugs    
492;10.2174/1381612827666210804110139;Metabolic Syndrome    
492;10.2174/1381612827666210804110139;Metabolomics     
492;10.2174/1381612827666210804110139;first episode psychosis   
492;10.2174/1381612827666210804110139;fatty acids    
492;10.2174/1381612827666210804110139;amino acids    
492;10.2174/1381612827666210804110139;biogenic amines    
492;10.2174/1381612827666210804110139;gut microbiota metabolites   
492;10.2174/1381612827666210804110139;oxidative stress    
492;10.2174/1381612827666210804110139;phosphatidylcholines     
492;10.2174/1381612827666210804110139;acylcarnitines     
492;10.2174/1381612827666210804110139;Sirtuin 1    
492;10.2174/1381612827666210804110139;orexin-A     
492;10.2174/1381612827666210804110139;Leptin     
492;10.2174/1381612827666210804110139;adiponectin     
492;10.2174/1381612827666210804110139;interleukin-6     
493;10.2174/0929867328666210526100147;serotonin     
493;10.2174/0929867328666210526100147;gut microbiota    
493;10.2174/0929867328666210526100147;gut dysbiosis    
493;10.2174/0929867328666210526100147;enterochromaffin cells    
503;10.3390/ijms21239234;Bacterial Metabolites    
503;10.3390/ijms21239234;Human Gut Microbiota   
503;10.3390/ijms21239234;Depression     
503;10.3390/ijms21239234;microbiota-gut-brain axis    
503;10.3390/ijms21239234;neuroactive     
503;10.3390/ijms21239234;immunomodulatory     
503;10.3390/ijms21239234;low molecular weight compounds  
503;10.3390/ijms21239234;functional foods    
503;10.3390/ijms21239234;psychobiotics     
503;10.3390/ijms21239234;depressive disorders    
503;10.3390/ijms21239234;metagenomic technologies    
507;10.1007/s12088-020-00898-z;Human Gut Microbiota   
507;10.1007/s12088-020-00898-z;Mental Health    
507;10.1007/s12088-020-00898-z;neurological functions    
507;10.1007/s12088-020-00898-z;neuroendocrinal     
507;10.1007/s12088-020-00898-z;metabolic pathways    
507;10.1007/s12088-020-00898-z;neurotransmitters     
507;10.1007/s12088-020-00898-z;cytokines     
507;10.1007/s12088-020-00898-z;bioactive metabolites    
507;10.1007/s12088-020-00898-z;mental disorders    
507;10.1007/s12088-020-00898-z;gut dysbiosis    
507;10.1007/s12088-020-00898-z;psychobiotics     
507;10.1007/s12088-020-00898-z;gut microbiome    
512;10.1038/s41598-020-77673-z;emotional well-being    
512;10.1038/s41598-020-77673-z;gut microbiota    
512;10.1038/s41598-020-77673-z;gut microbiome profiles   
512;10.1038/s41598-020-77673-z;enterotype     
512;10.1038/s41598-020-77673-z;16S rRNA gene sequencing  
512;10.1038/s41598-020-77673-z;Bacteroides     
512;10.1038/s41598-020-77673-z;Prevotella     
512;10.1038/s41598-020-77673-z;Shannon Index    
512;10.1038/s41598-020-77673-z;Lachnospiraceae     
512;10.1038/s41598-020-77673-z;mental health    
514;10.3390/nu12113422;Probiotic Treatment    
514;10.3390/nu12113422;Vitamin B7    
514;10.3390/nu12113422;Depression     
514;10.3390/nu12113422;inflammation status    
514;10.3390/nu12113422;gut microbiome    
514;10.3390/nu12113422;multistrain probiotic    
514;10.3390/nu12113422;biotin     
514;10.3390/nu12113422;16S rRNA    
514;10.3390/nu12113422;Ruminococcus gauvreauii    
514;10.3390/nu12113422;Coprococcus 3    
514;10.3390/nu12113422;β-diversity     
514;10.3390/nu12113422;KEGG-analysis     
514;10.3390/nu12113422;vitamin B6    
514;10.3390/nu12113422;major depressive disorder   
519;10.3389/fcell.2020.582320;Microbiome Profiling    
519;10.3389/fcell.2020.582320;gut dysbiosis    
519;10.3389/fcell.2020.582320;metabotropic glutamate receptor 5  
519;10.3389/fcell.2020.582320;mGlu5     
519;10.3389/fcell.2020.582320;Schizophrenia     
519;10.3389/fcell.2020.582320;16S rRNA sequencing   
519;10.3389/fcell.2020.582320;Erysipelotrichaceae     
519;10.3389/fcell.2020.582320;Allobaculum     
519;10.3389/fcell.2020.582320;Erysipelotrichales     
519;10.3389/fcell.2020.582320;Bacteroidales     
519;10.3389/fcell.2020.582320;Clostridiales     
519;10.3389/fcell.2020.582320;microbiota-gut-brain axis    
520;10.3389/fcimb.2020.580980;Irritable Bowel Syndrome   
520;10.3389/fcimb.2020.580980;Depression     
520;10.3389/fcimb.2020.580980;comorbidity     
520;10.3389/fcimb.2020.580980;diarrhea-predominant IBS    
520;10.3389/fcimb.2020.580980;IBS-D     
520;10.3389/fcimb.2020.580980;fecal microbiota signatures   
520;10.3389/fcimb.2020.580980;multiomics     
520;10.3389/fcimb.2020.580980;fecal metagenome-wide sequencing   
520;10.3389/fcimb.2020.580980;serum metabolomics profiling   
520;10.3389/fcimb.2020.580980;clusters of orthologous groups of protein
520;10.3389/fcimb.2020.580980;Trehalose and maltose hydrolase  
520;10.3389/fcimb.2020.580980;fucose permease    
520;10.3389/fcimb.2020.580980;urease accessory proteins UreE  
520;10.3389/fcimb.2020.580980;Escherichia coli    
520;10.3389/fcimb.2020.580980;Enterobacter cloacae    
520;10.3389/fcimb.2020.580980;maltotriose     
520;10.3389/fcimb.2020.580980;isomaltose     
520;10.3389/fcimb.2020.580980;anandamide     
520;10.3389/fcimb.2020.580980;brain-gut axis    
524;10.5056/jnm20079;Psychobiotic     
524;10.5056/jnm20079;serum Brain-derived Neurotrophic Factor  
524;10.5056/jnm20079;Depressive Patients    
524;10.5056/jnm20079;probiotics     
524;10.5056/jnm20079;prebiotics     
524;10.5056/jnm20079;microbiota-gut-brain axis    
524;10.5056/jnm20079;cytokines     
524;10.5056/jnm20079;chemokines     
524;10.5056/jnm20079;neurotransmitters     
524;10.5056/jnm20079;neurotrophins     
524;10.5056/jnm20079;Lactobacillus helveticus R0052   
524;10.5056/jnm20079;Bifidobacterium longum R0175   
524;10.5056/jnm20079;CEREBIOME     
524;10.5056/jnm20079;BDNF     
525;10.1007/s11920-020-01186-9;Early Life Stress   
525;10.1007/s11920-020-01186-9;Infant Gut Microbiota   
525;10.1007/s11920-020-01186-9;Mental Health    
525;10.1007/s11920-020-01186-9;Neurocognitive Development    
525;10.1007/s11920-020-01186-9;ELS     
525;10.1007/s11920-020-01186-9;affective     
525;10.1007/s11920-020-01186-9;cognitive functioning    
525;10.1007/s11920-020-01186-9;probiotics     
525;10.1007/s11920-020-01186-9;prenatal stress    
525;10.1007/s11920-020-01186-9;fetal programming    
526;10.3390/ijms21176413;Alcohol Addiction    
526;10.3390/ijms21176413;Gut Microbiota    
526;10.3390/ijms21176413;Alcoholism Treatment    
526;10.3390/ijms21176413;alcohol use disorder   
526;10.3390/ijms21176413;anxiety     
526;10.3390/ijms21176413;depression     
526;10.3390/ijms21176413;intestinal barrier    
526;10.3390/ijms21176413;intestinal permeability    
526;10.3390/ijms21176413;gut-brain axis    
526;10.3390/ijms21176413;bile acids    
526;10.3390/ijms21176413;fecal microbiota transplantation   
526;10.3390/ijms21176413;psychotropic effects    
526;10.3390/ijms21176413;Alcohol dehydrogenase    
526;10.3390/ijms21176413;aldehyde dehydrogenase    
526;10.3390/ijms21176413;CRISPRs     
527;32(Suppl;1):158-163 epigenetic processes   
527;32(Suppl;1):158-163 psychiatric disorders   
527;32(Suppl;1):158-163 inflammatory response   
527;32(Suppl;1):158-163 gut microbiota   
527;32(Suppl;1):158-163 gene polymorphisms   
527;32(Suppl;1):158-163 epigenetic modifications   
527;32(Suppl;1):158-163 host epigenetic   
527;32(Suppl;1):158-163 hypothalamic-pituitary-adrenal axis   
528;10.1016/j.psychres.2020.113260;intestinal microbiome    
528;10.1016/j.psychres.2020.113260;biomarker     
528;10.1016/j.psychres.2020.113260;schizophrenia     
528;10.1016/j.psychres.2020.113260;SCZ     
528;10.1016/j.psychres.2020.113260;16S rRNA Miseq   
528;10.1016/j.psychres.2020.113260;random forest model   
528;10.1016/j.psychres.2020.113260;genus-level diagnosis biomarkers   
528;10.1016/j.psychres.2020.113260;non-invasive diagnostic tool   
530;10.1016/j.jad.2020.05.115;human gut microbiota   
530;10.1016/j.jad.2020.05.115;depression     
530;10.1016/j.jad.2020.05.115;affective disorders    
530;10.1016/j.jad.2020.05.115;Major Depressive Disorder   
530;10.1016/j.jad.2020.05.115;MDD     
530;10.1016/j.jad.2020.05.115;alpha diversity    
530;10.1016/j.jad.2020.05.115;metabolomics     
530;10.1016/j.jad.2020.05.115;microbiota-gut-brain axis    
531;10.1080/1028415X.2018.1544332;fermented foods    
531;10.1080/1028415X.2018.1544332;gut microbiome composition   
531;10.1080/1028415X.2018.1544332;depression     
531;10.1080/1028415X.2018.1544332;anxiety     
531;10.1080/1028415X.2018.1544332;inflammation     
531;10.1080/1028415X.2018.1544332;immune activation    
531;10.1080/1028415X.2018.1544332;intestinal permeability    
531;10.1080/1028415X.2018.1544332;hypothalamic-pituitary-adrenal axis    
531;10.1080/1028415X.2018.1544332;neurotransmitter/neuropeptide dysregulation    
531;10.1080/1028415X.2018.1544332;functional foods    
531;10.1080/1028415X.2018.1544332;probiotics     
531;10.1080/1028415X.2018.1544332;prebiotics     
531;10.1080/1028415X.2018.1544332;biogenics     
531;10.1080/1028415X.2018.1544332;endotoxins     
532;10.3389/fpsyt.2020.00631;Morphine Reward    
532;10.3389/fpsyt.2020.00631;gut dysbiosis    
532;10.3389/fpsyt.2020.00631;central nervous system   
532;10.3389/fpsyt.2020.00631;opioid use disorders   
532;10.3389/fpsyt.2020.00631;conditioned place preference   
532;10.3389/fpsyt.2020.00631;CPP     
532;10.3389/fpsyt.2020.00631;16S rRNA sequencing   
532;10.3389/fpsyt.2020.00631;alpha diversity    
532;10.3389/fpsyt.2020.00631;Alloprevotella     
532;10.3389/fpsyt.2020.00631;Romboutsia     
534;10.1186/s12974-020-01916-z;Lactobacillus intestinalis    
534;10.1186/s12974-020-01916-z;Lactobacillus reuteri    
534;10.1186/s12974-020-01916-z;depression-like phenotypes    
534;10.1186/s12974-020-01916-z;anhedonia-like phenotypes    
534;10.1186/s12974-020-01916-z;antibiotic-treated mice    
534;10.1186/s12974-020-01916-z;vagus nerve    
534;10.1186/s12974-020-01916-z;brain-gut-microbiota axis    
534;10.1186/s12974-020-01916-z;fecal microbiota transplantation   
534;10.1186/s12974-020-01916-z;chronic social defeat stress  
534;10.1186/s12974-020-01916-z;CSDS     
534;10.1186/s12974-020-01916-z;interleukin-6     
534;10.1186/s12974-020-01916-z;prefrontal cortex    
539;10.1016/j.phrs.2020.104856;microbiota     
539;10.1016/j.phrs.2020.104856;psychiatric disorders    
539;10.1016/j.phrs.2020.104856;Central Nervous System   
539;10.1016/j.phrs.2020.104856;dysbiosis     
539;10.1016/j.phrs.2020.104856;autism spectrum disorders   
539;10.1016/j.phrs.2020.104856;Alzheimer's disease    
539;10.1016/j.phrs.2020.104856;Parkinson's disease    
539;10.1016/j.phrs.2020.104856;neuropsychiatric drugs    
541;10.1016/j.bcp.2020.113935;(R)-ketamine     
541;10.1016/j.bcp.2020.113935;antidepressant     
541;10.1016/j.bcp.2020.113935;treatment-resistant depression    
541;10.1016/j.bcp.2020.113935;(S)-ketamine     
541;10.1016/j.bcp.2020.113935;N-methyl-d-aspartate receptor    
541;10.1016/j.bcp.2020.113935;NMDAR     
541;10.1016/j.bcp.2020.113935;brain-derived neurotrophic factor   
541;10.1016/j.bcp.2020.113935;BDNF     
541;10.1016/j.bcp.2020.113935;tropomyosin-related kinase B   
541;10.1016/j.bcp.2020.113935;TrkB     
541;10.1016/j.bcp.2020.113935;transforming growth factor β1  
541;10.1016/j.bcp.2020.113935;TGF-β1     
541;10.1016/j.bcp.2020.113935;brain-gut-microbiota axis    
542;10.1093/advances/nmaa016;gut microbiota    
542;10.1093/advances/nmaa016;dietary interventions    
542;10.1093/advances/nmaa016;depression     
542;10.1093/advances/nmaa016;anxiety     
542;10.1093/advances/nmaa016;microbiome-gut-brain axis    
542;10.1093/advances/nmaa016;regulation of brain function  
542;10.1093/advances/nmaa016;nutritional intervention    
547;10.1007/s11916-020-00871-x;Gut Microbiome Dysbiosis   
547;10.1007/s11916-020-00871-x;Depression     
547;10.1007/s11916-020-00871-x;microbiota-gut-brain axis    
547;10.1007/s11916-020-00871-x;vagus nerve    
547;10.1007/s11916-020-00871-x;microbial metabolites    
547;10.1007/s11916-020-00871-x;immune mediators    
547;10.1007/s11916-020-00871-x;neurotransmission     
547;10.1007/s11916-020-00871-x;neuroinflammation     
547;10.1007/s11916-020-00871-x;neuropsychiatric disease states   
550;10.1093/nutrit/nuz080;Probiotics     
550;10.1093/nutrit/nuz080;prebiotics     
550;10.1093/nutrit/nuz080;psychiatric disorders    
550;10.1093/nutrit/nuz080;gut-brain axis    
550;10.1093/nutrit/nuz080;microbial dysbiosis    
550;10.1093/nutrit/nuz080;major depressive disorder   
550;10.1093/nutrit/nuz080;Alzheimer's disease    
550;10.1093/nutrit/nuz080;acute mania    
550;10.1093/nutrit/nuz080;autism spectrum disorders   
550;10.1093/nutrit/nuz080;schizophrenia     
551;10.1016/j.alcohol.2019.10.002;cytokine levels    
551;10.1016/j.alcohol.2019.10.002;gut microbiota markers   
551;10.1016/j.alcohol.2019.10.002;Proteobacteria     
551;10.1016/j.alcohol.2019.10.002;Faecalibacterium     
551;10.1016/j.alcohol.2019.10.002;short-chain fatty acid   
551;10.1016/j.alcohol.2019.10.002;butyrate     
551;10.1016/j.alcohol.2019.10.002;Hospital Anxiety and Depression Scale 
551;10.1016/j.alcohol.2019.10.002;TGF-β1     
551;10.1016/j.alcohol.2019.10.002;TNF-α     
551;10.1016/j.alcohol.2019.10.002;IL-10     
551;10.1016/j.alcohol.2019.10.002;IL-8     
551;10.1016/j.alcohol.2019.10.002;IL-6     
551;10.1016/j.alcohol.2019.10.002;IFN-γ     
551;10.1016/j.alcohol.2019.10.002;MCP-1     
551;10.1016/j.alcohol.2019.10.002;IL-1RA     
551;10.1016/j.alcohol.2019.10.002;IL-1β     
551;10.1016/j.alcohol.2019.10.002;IL-17     
553;10.3390/nu12051468;gut microbiota    
553;10.3390/nu12051468;gut-brain communication    
553;10.3390/nu12051468;psychological functioning    
553;10.3390/nu12051468;gut microbiome composition   
553;10.3390/nu12051468;mood     
553;10.3390/nu12051468;anxiety     
553;10.3390/nu12051468;sleep     
553;10.3390/nu12051468;16S rRNA gene sequencing  
553;10.3390/nu12051468;short chain fatty acids  
553;10.3390/nu12051468;SCFAs     
553;10.3390/nu12051468;valerate     
553;10.3390/nu12051468;predictive neuroactive potential   
553;10.3390/nu12051468;gut-brain module    
553;10.3390/nu12051468;Lactobacillus     
556;10.1007/s12325-020-01272-7;gut microbiome dysbiosis   
556;10.1007/s12325-020-01272-7;depression     
556;10.1007/s12325-020-01272-7;central nervous system   
556;10.1007/s12325-020-01272-7;microbiota-gut-brain axis    
556;10.1007/s12325-020-01272-7;vagus nerve    
556;10.1007/s12325-020-01272-7;microbial metabolites    
556;10.1007/s12325-020-01272-7;immune mediators    
556;10.1007/s12325-020-01272-7;neurotransmission     
556;10.1007/s12325-020-01272-7;neuroinflammation     
557;10.1016/j.jad.2020.01.124;gut microbiota    
557;10.1016/j.jad.2020.01.124;anxiety/depression     
557;10.1016/j.jad.2020.01.124;irritable bowel syndrome   
557;10.1016/j.jad.2020.01.124;IBS     
557;10.1016/j.jad.2020.01.124;comorbidity     
557;10.1016/j.jad.2020.01.124;alpha diversity    
557;10.1016/j.jad.2020.01.124;beta diversity    
557;10.1016/j.jad.2020.01.124;Proteobacteria     
557;10.1016/j.jad.2020.01.124;Prevotella/Prevotellaceae     
557;10.1016/j.jad.2020.01.124;Bacteroides     
557;10.1016/j.jad.2020.01.124;Lachnospiraceae     
560;10.1016/j.bbi.2019.06.039;Altered gut microbiota   
560;10.1016/j.bbi.2019.06.039;mucosal immunity    
560;10.1016/j.bbi.2019.06.039;schizophrenia     
560;10.1016/j.bbi.2019.06.039;gut-brain     
560;10.1016/j.bbi.2019.06.039;Shotgun metagenomic sequencing   
560;10.1016/j.bbi.2019.06.039;16S rRNA sequencing   
560;10.1016/j.bbi.2019.06.039;gut microbiota-associated epitopes   
560;10.1016/j.bbi.2019.06.039;IgA     
560;10.1016/j.bbi.2019.06.039;metagenomic-wide association studies   
560;10.1016/j.bbi.2019.06.039;microbial dysbiosis index   
560;10.1016/j.bbi.2019.06.039;Glutamate synthase    
560;10.1016/j.bbi.2019.06.039;GOGAT     
564;10.1016/j.ebiom.2020.102640;gut microbiota    
564;10.1016/j.ebiom.2020.102640;brain development    
564;10.1016/j.ebiom.2020.102640;behavioural outcomes    
564;10.1016/j.ebiom.2020.102640;Prevotella     
564;10.1016/j.ebiom.2020.102640;behavioural problems    
564;10.1016/j.ebiom.2020.102640;Internalizing Problem scores   
620;10.1007/978-1-4939-9554-7_29;Autism Spectrum Disorders   
620;10.1007/978-1-4939-9554-7_29;inflammation     
620;10.1007/978-1-4939-9554-7_29;inflammatory mediators    
620;10.1007/978-1-4939-9554-7_29;microglia activation    
620;10.1007/978-1-4939-9554-7_29;pro-inflammatory mediators    
620;10.1007/978-1-4939-9554-7_29;gut microbiome    
620;10.1007/978-1-4939-9554-7_29;anti-inflammatory drugs    
622;10.1007/978-3-030-05542-4_13;Gut Microbiome    
622;10.1007/978-3-030-05542-4_13;Autism Spectrum Disorders   
622;10.1007/978-3-030-05542-4_13;neurodevelopmental     
622;10.1007/978-3-030-05542-4_13;neuropsychiatric disorder    
622;10.1007/978-3-030-05542-4_13;immunological development    
622;10.1007/978-3-030-05542-4_13;glutathione metabolism    
622;10.1007/978-3-030-05542-4_13;amino acid metabolism   
622;10.1007/978-3-030-05542-4_13;gut-brain axis    
622;10.1007/978-3-030-05542-4_13;gastrointestinal problems    
622;10.1007/978-3-030-05542-4_13;autistic enterocolitis    
622;10.1007/978-3-030-05542-4_13;dysbiosis     
627;10.3390/biomedicines6040113;Anxiety Levels    
627;10.3390/biomedicines6040113;gut Microbiota Composition   
627;10.3390/biomedicines6040113;Psychobiotics     
627;10.3390/biomedicines6040113;gut⁻brain axis    
627;10.3390/biomedicines6040113;host genetics    
627;10.3390/biomedicines6040113;anxiety     
627;10.3390/biomedicines6040113;elevated plus maze   
627;10.3390/biomedicines6040113;probiotic     
627;10.3390/biomedicines6040113;fecal microbiota transplantation   
627;10.3390/biomedicines6040113;antibiotics     
628;10.2147/NDT.S188340;Firmicutes     
628;10.2147/NDT.S188340;gut microbiota    
628;10.2147/NDT.S188340;major depressive disorder   
652;10.1038/s41398-017-0031-4;gut microbiota-brain axis   
652;10.1038/s41398-017-0031-4;antidepressant effects    
652;10.1038/s41398-017-0031-4;(R)-ketamine     
652;10.1038/s41398-017-0031-4;(S)-ketamine     
652;10.1038/s41398-017-0031-4;depression     
652;10.1038/s41398-017-0031-4;chronic social defeat stress  
652;10.1038/s41398-017-0031-4;CSDS     
652;10.1038/s41398-017-0031-4;16S ribosomal RNA gene sequencing 
652;10.1038/s41398-017-0031-4;Tenericutes     
652;10.1038/s41398-017-0031-4;Actinobacteria     
652;10.1038/s41398-017-0031-4;Deltaproteobacteria     
652;10.1038/s41398-017-0031-4;Mollicutes     
652;10.1038/s41398-017-0031-4;Butyricimonas     
653;10.1016/j.ynstr.2017.03.001;gut-brain axis    
653;10.1016/j.ynstr.2017.03.001;microbiome     
653;10.1016/j.ynstr.2017.03.001;stress-related responses    
653;10.1016/j.ynstr.2017.03.001;microbiota-gut-brain axis    
653;10.1016/j.ynstr.2017.03.001;vagus nerve    
653;10.1016/j.ynstr.2017.03.001;gut hormone signaling   
653;10.1016/j.ynstr.2017.03.001;tryptophan metabolism    
653;10.1016/j.ynstr.2017.03.001;microbial metabolites    
653;10.1016/j.ynstr.2017.03.001;short chain fatty acids  
654;10.1007/s12035-016-0309-1;IL-23/IL-17 Immune Axis   
654;10.1007/s12035-016-0309-1;Schizophrenia     
654;10.1007/s12035-016-0309-1;low-grade inflammation    
654;10.1007/s12035-016-0309-1;Th1/Th2 cytokine balance   
654;10.1007/s12035-016-0309-1;cytokines     
654;10.1007/s12035-016-0309-1;complement activation    
654;10.1007/s12035-016-0309-1;gut microbiota    
658;10.1016/j.psym.2017.06.002;gut microbiome    
658;10.1016/j.psym.2017.06.002;gut-brain interactions    
658;10.1016/j.psym.2017.06.002;psychiatric conditions    
658;10.1016/j.psym.2017.06.002;feeding behavior    
658;10.1016/j.psym.2017.06.002;stress response    
658;10.1016/j.psym.2017.06.002;anorexia nervosa    
658;10.1016/j.psym.2017.06.002;depression     
658;10.1016/j.psym.2017.06.002;mood     
658;10.1016/j.psym.2017.06.002;probiotics     
664;10.1097/PSY.0000000000000525;gut microbiome    
664;10.1097/PSY.0000000000000525;Central Nervous System   
664;10.1097/PSY.0000000000000525;Psychological Well-being    
664;10.1097/PSY.0000000000000525;psychiatric disorders    
664;10.1097/PSY.0000000000000525;dysbiosis     
664;10.1097/PSY.0000000000000525;Prevotella species    
664;10.1097/PSY.0000000000000525;hippocampus     
664;10.1097/PSY.0000000000000525;autonomic nervous system dysregulation  
664;10.1097/PSY.0000000000000525;prebiotics     
664;10.1097/PSY.0000000000000525;probiotics     
674;10.1503/jpn.170028;gut microbiota    
674;10.1503/jpn.170028;psychiatric illness    
680;10.1038/npp.2016.103;Psychoneuroimmunology     
680;10.1038/npp.2016.103;microbiome     
680;10.1038/npp.2016.103;immune system    
680;10.1038/npp.2016.103;gut microbiota    
680;10.1038/npp.2016.103;stress-related psychopathologies    
680;10.1038/npp.2016.103;psychotropic intervention    
680;10.1038/npp.2016.103;antimicrobial peptides    
680;10.1038/npp.2016.103;short chain fatty acids  
680;10.1038/npp.2016.103;neurotransmitters     
680;10.1038/npp.2016.103;germ-free animals    
680;10.1038/npp.2016.103;prebiotics     
680;10.1038/npp.2016.103;probiotics     
680;10.1038/npp.2016.103;antibiotics     
680;10.1038/npp.2016.103;early life stress   
680;10.1038/npp.2016.103;psychopathology     
682;10.1007/s11427-016-5083-9;Alzheimer's disease    
682;10.1007/s11427-016-5083-9;gut microbiota    
682;10.1007/s11427-016-5083-9;microbiota-gut-brain axis    
682;10.1007/s11427-016-5083-9;cognitive behavior    
682;10.1007/s11427-016-5083-9;germ-free animals    
682;10.1007/s11427-016-5083-9;probiotics intervention    
682;10.1007/s11427-016-5083-9;blood-brain barrier    
682;10.1007/s11427-016-5083-9;gut microbial metabolites   
683;no;doi provided gut microbiome  
683;no;doi provided stress related disorders 
683;no;doi provided depression   
683;no;doi provided anxiety   
683;no;doi provided gut microbiota  
683;no;doi provided probiotic foods  
684;10.1016/j.schres.2014.06.027;microbiome     
684;10.1016/j.schres.2014.06.027;schizophrenia     
684;10.1016/j.schres.2014.06.027;autoimmune disorders    
684;10.1016/j.schres.2014.06.027;enteropathic celiac disease   
684;10.1016/j.schres.2014.06.027;non-celiac food sensitivities   
684;10.1016/j.schres.2014.06.027;GI inflammation    
684;10.1016/j.schres.2014.06.027;endothelial barrier permeability   
684;10.1016/j.schres.2014.06.027;Toxoplasma gondii    
684;10.1016/j.schres.2014.06.027;complement C1q    
684;10.1016/j.schres.2014.06.027;gut permeability    
685;10.1016/j.bbi.2016.02.020;antibiotic-induced gut dysbiosis   
685;10.1016/j.bbi.2016.02.020;gut microbiota-brain communication   
685;10.1016/j.bbi.2016.02.020;germ-free mice    
685;10.1016/j.bbi.2016.02.020;blood-brain barrier    
685;10.1016/j.bbi.2016.02.020;metabolite profile    
685;10.1016/j.bbi.2016.02.020;neuronal signaling molecules   
685;10.1016/j.bbi.2016.02.020;cognitive behavior    
701;10.1016/j.jpsychires.2015.02.021;gut microbes    
701;10.1016/j.jpsychires.2015.02.021;behavior     
701;10.1016/j.jpsychires.2015.02.021;microbial ecosystem    
701;10.1016/j.jpsychires.2015.02.021;gut microbiota    
701;10.1016/j.jpsychires.2015.02.021;microbiome     
701;10.1016/j.jpsychires.2015.02.021;neuroactive compounds    
701;10.1016/j.jpsychires.2015.02.021;cognitive function    
701;10.1016/j.jpsychires.2015.02.021;autism     
707;10.1097/YCO.0000000000000117;gut microbiome    
707;10.1097/YCO.0000000000000117;diet     
707;10.1097/YCO.0000000000000117;psychiatry     
707;10.1097/YCO.0000000000000117;depressive disorders    
707;10.1097/YCO.0000000000000117;microbiome-gut-brain axis    
707;10.1097/YCO.0000000000000117;mood     
707;10.1097/YCO.0000000000000117;behaviour     
707;10.1097/YCO.0000000000000117;pre and probiotic formulations  
707;10.1097/YCO.0000000000000117;fermented food    